STATE,state,year,wbgt_28_diff
AL,01,1982,1.1
AL,01,1983,2
AL,01,1984,1.8
AL,01,1985,2.1
AL,01,1986,2.2
AL,01,1987,4.6
AL,01,1988,2.5
AL,01,1989,3.5
AL,01,1990,5.8
AL,01,1991,4.8
AL,01,1992,1.2
AL,01,1993,2.3
AL,01,1994,1.1
AL,01,1995,4.8
AL,01,1996,1.4
AL,01,1997,2.2
AL,01,1998,1.8
AL,01,1999,1.1
AL,01,2000,2.2
AL,01,2001,1.7
AL,01,2002,3.3
AL,01,2003,2.7
AL,01,2004,3.5
AL,01,2005,1.1
AL,01,2006,4.6
AL,01,2007,2.1
AL,01,2008,1.9
AL,01,2009,2.8
AL,01,2010,5.1
AL,01,2011,4
AL,01,2012,2.6
AL,01,2013,2.1
AL,01,2014,2.7
AL,01,2015,4.6
AL,01,2016,6.1
AL,01,2017,5.3
AL,01,2018,6.6
AL,01,2019,10.3
AL,01,2020,5.7
AR,05,1982,1.3
AR,05,1983,0.7
AR,05,1984,1.7
AR,05,1985,3.3
AR,05,1986,9.2
AR,05,1987,3.3
AR,05,1988,4.6
AR,05,1989,3.8
AR,05,1990,2.9
AR,05,1991,3.7
AR,05,1992,1.7
AR,05,1993,4.6
AR,05,1994,1.8
AR,05,1995,3.8
AR,05,1996,2.2
AR,05,1997,3.3
AR,05,1998,4.9
AR,05,1999,1.6
AR,05,2000,3.7
AR,05,2001,1
AR,05,2002,4.5
AR,05,2003,2.9
AR,05,2004,2
AR,05,2005,5.6
AR,05,2006,-0.5
AR,05,2007,3.2
AR,05,2008,1.8
AR,05,2009,1.6
AR,05,2010,6.2
AR,05,2011,1.8
AR,05,2012,0.6
AR,05,2013,2.7
AR,05,2014,3
AR,05,2015,4.6
AR,05,2016,7.2
AR,05,2017,3.5
AR,05,2018,3.2
AR,05,2019,2.7
AR,05,2020,3.4
AZ,04,1982,10.2
AZ,04,1983,14.5
AZ,04,1984,15.4
AZ,04,1985,11.1
AZ,04,1986,21.2
AZ,04,1987,14.4
AZ,04,1988,9.2
AZ,04,1989,10.3
AZ,04,1990,10.3
AZ,04,1991,12.5
AZ,04,1992,14.4
AZ,04,1993,13.3
AZ,04,1994,7.5
AZ,04,1995,6.1
AZ,04,1996,6.6
AZ,04,1997,10.2
AZ,04,1998,10
AZ,04,1999,14.8
AZ,04,2000,9
AZ,04,2001,17.5
AZ,04,2002,13.2
AZ,04,2003,14.8
AZ,04,2004,13.7
AZ,04,2005,17.7
AZ,04,2006,10.1
AZ,04,2007,11.2
AZ,04,2008,11.5
AZ,04,2009,10.7
AZ,04,2010,9.2
AZ,04,2011,5.6
AZ,04,2012,21
AZ,04,2013,21.8
AZ,04,2014,18.7
AZ,04,2015,16.4
AZ,04,2016,13.9
AZ,04,2017,15.7
AZ,04,2018,21.5
AZ,04,2019,12.7
AZ,04,2020,13.2
CA,06,1982,6.6
CA,06,1983,7.2
CA,06,1984,11.9
CA,06,1985,5.8
CA,06,1986,4.4
CA,06,1987,4.4
CA,06,1988,9.6
CA,06,1989,4.8
CA,06,1990,9.1
CA,06,1991,8.1
CA,06,1992,8.5
CA,06,1993,5.8
CA,06,1994,7.7
CA,06,1995,9
CA,06,1996,11.1
CA,06,1997,8
CA,06,1998,12.1
CA,06,1999,7.1
CA,06,2000,7.8
CA,06,2001,9.2
CA,06,2002,8.7
CA,06,2003,10.7
CA,06,2004,5.4
CA,06,2005,9.5
CA,06,2006,8.8
CA,06,2007,7.1
CA,06,2008,8.1
CA,06,2009,6.9
CA,06,2010,5.4
CA,06,2011,6.6
CA,06,2012,7.6
CA,06,2013,8
CA,06,2014,7.8
CA,06,2015,7.8
CA,06,2016,6.9
CA,06,2017,11.5
CA,06,2018,6.4
CA,06,2019,5.5
CA,06,2020,8.8
CO,08,1982,0.1
CO,08,1983,0.1
CO,08,1984,0.1
CO,08,1985,0.2
CO,08,1986,0
CO,08,1987,0.4
CO,08,1988,0.2
CO,08,1989,0.2
CO,08,1990,1.3
CO,08,1991,0
CO,08,1992,0.2
CO,08,1993,0.1
CO,08,1994,-0
CO,08,1995,0.6
CO,08,1996,0.4
CO,08,1997,0.2
CO,08,1998,0.8
CO,08,1999,0.1
CO,08,2000,0.3
CO,08,2001,0.4
CO,08,2002,0.8
CO,08,2003,2.2
CO,08,2004,0
CO,08,2005,0.3
CO,08,2006,0.1
CO,08,2007,0
CO,08,2008,-0
CO,08,2009,0
CO,08,2010,0
CO,08,2011,0.1
CO,08,2012,0.7
CO,08,2013,0
CO,08,2014,0.1
CO,08,2015,0
CO,08,2016,0.4
CO,08,2017,0.1
CO,08,2018,0.3
CO,08,2019,0.2
CO,08,2020,0
CT,09,1982,0.3
CT,09,1983,0.7
CT,09,1984,0.1
CT,09,1985,0.8
CT,09,1986,0.3
CT,09,1987,0.6
CT,09,1988,2.3
CT,09,1989,0.3
CT,09,1990,0.1
CT,09,1991,0.4
CT,09,1992,0
CT,09,1993,0.3
CT,09,1994,1.6
CT,09,1995,1
CT,09,1996,0
CT,09,1997,-0
CT,09,1998,0
CT,09,1999,0.8
CT,09,2000,0
CT,09,2001,1.6
CT,09,2002,1
CT,09,2003,0.2
CT,09,2004,0
CT,09,2005,1.4
CT,09,2006,0.5
CT,09,2007,0.2
CT,09,2008,0.3
CT,09,2009,0
CT,09,2010,0.5
CT,09,2011,0.3
CT,09,2012,0.3
CT,09,2013,0.9
CT,09,2014,0.1
CT,09,2015,0
CT,09,2016,0.6
CT,09,2017,0
CT,09,2018,1.7
CT,09,2019,0.3
CT,09,2020,0
DC,11,1982,0
DC,11,1983,0
DC,11,1984,0
DC,11,1985,3
DC,11,1986,-1
DC,11,1987,1
DC,11,1988,1
DC,11,1989,0.1
DC,11,1990,0
DC,11,1991,0
DC,11,1992,-1.9
DC,11,1993,0
DC,11,1994,0
DC,11,1995,0
DC,11,1996,-1
DC,11,1997,0
DC,11,1998,0
DC,11,1999,-1
DC,11,2000,-0.9
DC,11,2001,0
DC,11,2002,-3
DC,11,2003,0
DC,11,2004,0
DC,11,2005,0
DC,11,2006,0
DC,11,2007,-1
DC,11,2008,-1
DC,11,2009,0
DC,11,2010,-1
DC,11,2011,0
DC,11,2012,0
DC,11,2013,0
DC,11,2014,0
DC,11,2015,0
DC,11,2016,0
DC,11,2017,0
DC,11,2018,-1
DC,11,2019,-1
DC,11,2020,-2
DE,10,1982,-0.4
DE,10,1983,1.8
DE,10,1984,-0.1
DE,10,1985,0.6
DE,10,1986,0
DE,10,1987,0.8
DE,10,1988,0.7
DE,10,1989,-0.1
DE,10,1990,0.4
DE,10,1991,0.9
DE,10,1992,0.5
DE,10,1993,1.1
DE,10,1994,0.3
DE,10,1995,1.2
DE,10,1996,0
DE,10,1997,1.1
DE,10,1998,0.3
DE,10,1999,-1.9
DE,10,2000,-0
DE,10,2001,-0.2
DE,10,2002,-0.2
DE,10,2003,1
DE,10,2004,0.4
DE,10,2005,0.3
DE,10,2006,1.3
DE,10,2007,0.3
DE,10,2008,0.4
DE,10,2009,0.9
DE,10,2010,0.7
DE,10,2011,0.3
DE,10,2012,-0.4
DE,10,2013,-0
DE,10,2014,0.1
DE,10,2015,0.8
DE,10,2016,-0.5
DE,10,2017,0.2
DE,10,2018,0.7
DE,10,2019,0.1
DE,10,2020,1.1
FL,12,1982,-7.5
FL,12,1983,-4.8
FL,12,1984,-5.4
FL,12,1985,-10.6
FL,12,1986,5
FL,12,1987,-6.3
FL,12,1988,-6
FL,12,1989,-9.8
FL,12,1990,-8.6
FL,12,1991,-11.9
FL,12,1992,-10.9
FL,12,1993,-5.5
FL,12,1994,-19.6
FL,12,1995,-18
FL,12,1996,-14.2
FL,12,1997,-12.9
FL,12,1998,-12.4
FL,12,1999,-6.8
FL,12,2000,-5.6
FL,12,2001,-9
FL,12,2002,-10.2
FL,12,2003,-15.4
FL,12,2004,-10.8
FL,12,2005,-9.7
FL,12,2006,-4
FL,12,2007,-9.7
FL,12,2008,-3.5
FL,12,2009,-18.1
FL,12,2010,-9.5
FL,12,2011,-9.3
FL,12,2012,-5.5
FL,12,2013,-2.4
FL,12,2014,-6.5
FL,12,2015,-5.3
FL,12,2016,-11.3
FL,12,2017,-9.2
FL,12,2018,-1.7
FL,12,2019,-11.7
FL,12,2020,-13.3
GA,13,1982,4.5
GA,13,1983,8.3
GA,13,1984,3.2
GA,13,1985,7.6
GA,13,1986,11.1
GA,13,1987,10.6
GA,13,1988,7.6
GA,13,1989,7.8
GA,13,1990,9.5
GA,13,1991,8.8
GA,13,1992,3.9
GA,13,1993,7.4
GA,13,1994,1.2
GA,13,1995,5.8
GA,13,1996,5.1
GA,13,1997,6.7
GA,13,1998,15.4
GA,13,1999,7.5
GA,13,2000,5.5
GA,13,2001,5.5
GA,13,2002,8.9
GA,13,2003,3.3
GA,13,2004,6.2
GA,13,2005,9.3
GA,13,2006,6.2
GA,13,2007,5.3
GA,13,2008,4
GA,13,2009,6.3
GA,13,2010,15.1
GA,13,2011,9.7
GA,13,2012,4.6
GA,13,2013,4.6
GA,13,2014,6.9
GA,13,2015,9.4
GA,13,2016,14.5
GA,13,2017,8.3
GA,13,2018,6.9
GA,13,2019,12.9
GA,13,2020,11.3
IA,19,1982,0.4
IA,19,1983,2.8
IA,19,1984,0.8
IA,19,1985,-0.1
IA,19,1986,-0
IA,19,1987,0.8
IA,19,1988,0.9
IA,19,1989,0.2
IA,19,1990,1.1
IA,19,1991,1.2
IA,19,1992,0.1
IA,19,1993,1.3
IA,19,1994,1.1
IA,19,1995,0.9
IA,19,1996,0.6
IA,19,1997,0.8
IA,19,1998,2.2
IA,19,1999,1.1
IA,19,2000,0.9
IA,19,2001,1.1
IA,19,2002,2.1
IA,19,2003,2.1
IA,19,2004,0.6
IA,19,2005,1.1
IA,19,2006,0.9
IA,19,2007,0.1
IA,19,2008,0.4
IA,19,2009,1
IA,19,2010,1.2
IA,19,2011,1.1
IA,19,2012,1.2
IA,19,2013,0.8
IA,19,2014,1.1
IA,19,2015,1.2
IA,19,2016,1.3
IA,19,2017,1.2
IA,19,2018,0.8
IA,19,2019,0.3
IA,19,2020,0.9
ID,16,1982,0
ID,16,1983,0.8
ID,16,1984,0.1
ID,16,1985,0.1
ID,16,1986,0.6
ID,16,1987,0
ID,16,1988,0
ID,16,1989,0.4
ID,16,1990,0.8
ID,16,1991,0
ID,16,1992,0.1
ID,16,1993,0
ID,16,1994,0.5
ID,16,1995,0
ID,16,1996,0.1
ID,16,1997,0
ID,16,1998,0.4
ID,16,1999,0
ID,16,2000,0
ID,16,2001,0.7
ID,16,2002,1.1
ID,16,2003,0.8
ID,16,2004,-0.1
ID,16,2005,0.1
ID,16,2006,0.4
ID,16,2007,-0
ID,16,2008,0
ID,16,2009,-0.1
ID,16,2010,0
ID,16,2011,0
ID,16,2012,0.1
ID,16,2013,0.4
ID,16,2014,0
ID,16,2015,0.5
ID,16,2016,0
ID,16,2017,-0
ID,16,2018,0
ID,16,2019,0
ID,16,2020,0.4
IL,17,1982,2.5
IL,17,1983,6.1
IL,17,1984,1.9
IL,17,1985,1.7
IL,17,1986,2.6
IL,17,1987,3.7
IL,17,1988,1
IL,17,1989,2.7
IL,17,1990,3.2
IL,17,1991,2.7
IL,17,1992,1.1
IL,17,1993,3.8
IL,17,1994,0.3
IL,17,1995,3
IL,17,1996,1.5
IL,17,1997,1.8
IL,17,1998,3.7
IL,17,1999,2.7
IL,17,2000,3.6
IL,17,2001,3.3
IL,17,2002,4.1
IL,17,2003,3
IL,17,2004,2.3
IL,17,2005,5.2
IL,17,2006,3.4
IL,17,2007,3.5
IL,17,2008,1.6
IL,17,2009,2.8
IL,17,2010,9.1
IL,17,2011,6.3
IL,17,2012,4.6
IL,17,2013,2.3
IL,17,2014,3.3
IL,17,2015,2
IL,17,2016,5.9
IL,17,2017,3.3
IL,17,2018,3.3
IL,17,2019,3
IL,17,2020,2.6
IN,18,1982,0.6
IN,18,1983,0.8
IN,18,1984,0
IN,18,1985,0.4
IN,18,1986,0.1
IN,18,1987,0.4
IN,18,1988,0.3
IN,18,1989,-0
IN,18,1990,0.7
IN,18,1991,0.5
IN,18,1992,0
IN,18,1993,1.3
IN,18,1994,0.7
IN,18,1995,0.3
IN,18,1996,0.9
IN,18,1997,0.1
IN,18,1998,0.1
IN,18,1999,0.2
IN,18,2000,0.2
IN,18,2001,0.3
IN,18,2002,1
IN,18,2003,0.6
IN,18,2004,0.3
IN,18,2005,0.8
IN,18,2006,0.1
IN,18,2007,0.3
IN,18,2008,0
IN,18,2009,0.3
IN,18,2010,2
IN,18,2011,1.1
IN,18,2012,0.7
IN,18,2013,0.6
IN,18,2014,0.5
IN,18,2015,0.3
IN,18,2016,1
IN,18,2017,0.4
IN,18,2018,1
IN,18,2019,0.3
IN,18,2020,0.6
KS,20,1982,0.2
KS,20,1983,2.8
KS,20,1984,0.3
KS,20,1985,1
KS,20,1986,-0.1
KS,20,1987,0.2
KS,20,1988,2.8
KS,20,1989,-0.2
KS,20,1990,2.2
KS,20,1991,2.3
KS,20,1992,0.4
KS,20,1993,1.6
KS,20,1994,0.8
KS,20,1995,1.1
KS,20,1996,1.6
KS,20,1997,1
KS,20,1998,2.6
KS,20,1999,1.1
KS,20,2000,3
KS,20,2001,1.6
KS,20,2002,2.4
KS,20,2003,1.2
KS,20,2004,0.9
KS,20,2005,1.7
KS,20,2006,-0.2
KS,20,2007,-0
KS,20,2008,0
KS,20,2009,1.5
KS,20,2010,2.6
KS,20,2011,1.9
KS,20,2012,1.4
KS,20,2013,1.5
KS,20,2014,1.5
KS,20,2015,1.8
KS,20,2016,2.1
KS,20,2017,1.6
KS,20,2018,2.7
KS,20,2019,0.8
KS,20,2020,1.6
KY,21,1982,0.1
KY,21,1983,-0
KY,21,1984,0.4
KY,21,1985,0.3
KY,21,1986,0.2
KY,21,1987,0.6
KY,21,1988,0
KY,21,1989,0.4
KY,21,1990,0.4
KY,21,1991,-0
KY,21,1992,0.2
KY,21,1993,0.3
KY,21,1994,-0.2
KY,21,1995,-0.3
KY,21,1996,-0.4
KY,21,1997,0
KY,21,1998,0.3
KY,21,1999,0.3
KY,21,2000,0.4
KY,21,2001,0.2
KY,21,2002,0.2
KY,21,2003,0.5
KY,21,2004,0.4
KY,21,2005,-0.4
KY,21,2006,-0
KY,21,2007,-0.5
KY,21,2008,0.3
KY,21,2009,0.1
KY,21,2010,-0.8
KY,21,2011,-0.6
KY,21,2012,-0.6
KY,21,2013,-0.1
KY,21,2014,0.1
KY,21,2015,-0
KY,21,2016,0.3
KY,21,2017,-0
KY,21,2018,-0
KY,21,2019,0.4
KY,21,2020,0.4
LA,22,1982,-5.5
LA,22,1983,3.1
LA,22,1984,3.1
LA,22,1985,9
LA,22,1986,5.4
LA,22,1987,2.7
LA,22,1988,4.3
LA,22,1989,3.2
LA,22,1990,4.1
LA,22,1991,-0.8
LA,22,1992,0.9
LA,22,1993,2.2
LA,22,1994,1.9
LA,22,1995,-0.3
LA,22,1996,-0.9
LA,22,1997,1
LA,22,1998,0.9
LA,22,1999,1.7
LA,22,2000,2.6
LA,22,2001,2.6
LA,22,2002,0.5
LA,22,2003,3.1
LA,22,2004,0.5
LA,22,2005,3.3
LA,22,2006,3.6
LA,22,2007,2.1
LA,22,2008,3.6
LA,22,2009,1.3
LA,22,2010,5
LA,22,2011,6.1
LA,22,2012,-0.9
LA,22,2013,1.2
LA,22,2014,2.4
LA,22,2015,2.8
LA,22,2016,2.6
LA,22,2017,3.4
LA,22,2018,2.3
LA,22,2019,2.5
LA,22,2020,1.7
MA,25,1982,0.1
MA,25,1983,0.3
MA,25,1984,0.2
MA,25,1985,0.3
MA,25,1986,0.2
MA,25,1987,0.4
MA,25,1988,1
MA,25,1989,0.1
MA,25,1990,0
MA,25,1991,0.8
MA,25,1992,0
MA,25,1993,0.7
MA,25,1994,0.5
MA,25,1995,0.5
MA,25,1996,0
MA,25,1997,0
MA,25,1998,0
MA,25,1999,0.6
MA,25,2000,0
MA,25,2001,0.6
MA,25,2002,1.1
MA,25,2003,0
MA,25,2004,0
MA,25,2005,0.6
MA,25,2006,-0
MA,25,2007,0
MA,25,2008,0
MA,25,2009,0
MA,25,2010,0.2
MA,25,2011,0.3
MA,25,2012,0.7
MA,25,2013,0.8
MA,25,2014,0.1
MA,25,2015,0
MA,25,2016,0.6
MA,25,2017,0
MA,25,2018,0.4
MA,25,2019,0.1
MA,25,2020,0.1
MD,24,1982,0.3
MD,24,1983,0.1
MD,24,1984,0.2
MD,24,1985,-0
MD,24,1986,0.6
MD,24,1987,-0.5
MD,24,1988,1.3
MD,24,1989,-0.6
MD,24,1990,-0.1
MD,24,1991,-1.5
MD,24,1992,0.5
MD,24,1993,0.5
MD,24,1994,-0.9
MD,24,1995,-1.3
MD,24,1996,0.3
MD,24,1997,0.9
MD,24,1998,0.7
MD,24,1999,0.5
MD,24,2000,0.6
MD,24,2001,-0.4
MD,24,2002,1
MD,24,2003,0.1
MD,24,2004,0.1
MD,24,2005,0.1
MD,24,2006,-0.2
MD,24,2007,-0.3
MD,24,2008,-1
MD,24,2009,0.2
MD,24,2010,0.4
MD,24,2011,-0.6
MD,24,2012,1.3
MD,24,2013,0.2
MD,24,2014,0.2
MD,24,2015,-0.2
MD,24,2016,-0.6
MD,24,2017,-0.5
MD,24,2018,-0.8
MD,24,2019,-0.4
MD,24,2020,0.6
ME,23,1982,0.1
ME,23,1983,0
ME,23,1984,0
ME,23,1985,0
ME,23,1986,0
ME,23,1987,0.1
ME,23,1988,0.6
ME,23,1989,0.1
ME,23,1990,0
ME,23,1991,0.1
ME,23,1992,0
ME,23,1993,0.1
ME,23,1994,-0
ME,23,1995,0.1
ME,23,1996,0
ME,23,1997,0
ME,23,1998,0
ME,23,1999,0
ME,23,2000,0
ME,23,2001,0.1
ME,23,2002,0.2
ME,23,2003,0
ME,23,2004,0
ME,23,2005,0
ME,23,2006,0.3
ME,23,2007,0.1
ME,23,2008,0
ME,23,2009,0
ME,23,2010,0.2
ME,23,2011,0.3
ME,23,2012,0
ME,23,2013,0.1
ME,23,2014,0
ME,23,2015,0
ME,23,2016,0.1
ME,23,2017,0
ME,23,2018,0.4
ME,23,2019,0
ME,23,2020,0
MI,26,1982,0.1
MI,26,1983,0.6
MI,26,1984,0.3
MI,26,1985,-0
MI,26,1986,-0.1
MI,26,1987,-0.3
MI,26,1988,-0.7
MI,26,1989,0
MI,26,1990,-0.3
MI,26,1991,-0
MI,26,1992,-0.1
MI,26,1993,-0.3
MI,26,1994,-0.3
MI,26,1995,-0.4
MI,26,1996,-0.1
MI,26,1997,-0.3
MI,26,1998,-0.2
MI,26,1999,-0.3
MI,26,2000,0
MI,26,2001,-0.2
MI,26,2002,-0.1
MI,26,2003,-0.1
MI,26,2004,0.2
MI,26,2005,-0.1
MI,26,2006,-0.3
MI,26,2007,0
MI,26,2008,0
MI,26,2009,-0.1
MI,26,2010,0
MI,26,2011,0.1
MI,26,2012,-0.3
MI,26,2013,-0.2
MI,26,2014,0
MI,26,2015,0
MI,26,2016,0.2
MI,26,2017,0
MI,26,2018,0
MI,26,2019,-0.2
MI,26,2020,0.1
MN,27,1982,0.3
MN,27,1983,-0.5
MN,27,1984,-0
MN,27,1985,0.2
MN,27,1986,0
MN,27,1987,-0.5
MN,27,1988,-0.4
MN,27,1989,-0.1
MN,27,1990,0.1
MN,27,1991,-0.1
MN,27,1992,-0
MN,27,1993,0
MN,27,1994,0
MN,27,1995,-0.2
MN,27,1996,-0.1
MN,27,1997,0.2
MN,27,1998,0.1
MN,27,1999,0.2
MN,27,2000,-0.1
MN,27,2001,-0.4
MN,27,2002,0.5
MN,27,2003,-0.1
MN,27,2004,0.1
MN,27,2005,0.2
MN,27,2006,-0.1
MN,27,2007,0.1
MN,27,2008,0.1
MN,27,2009,0
MN,27,2010,-0.2
MN,27,2011,-0.4
MN,27,2012,-0.3
MN,27,2013,-0
MN,27,2014,-0.1
MN,27,2015,-0
MN,27,2016,-0.1
MN,27,2017,0.1
MN,27,2018,-0
MN,27,2019,-0.2
MN,27,2020,-0.2
MO,29,1982,-1.8
MO,29,1983,-1.8
MO,29,1984,-0.4
MO,29,1985,-0.7
MO,29,1986,0.2
MO,29,1987,-1.6
MO,29,1988,1.5
MO,29,1989,-1
MO,29,1990,-0.8
MO,29,1991,-2
MO,29,1992,-0.9
MO,29,1993,-1.1
MO,29,1994,0.1
MO,29,1995,-0.3
MO,29,1996,-0.8
MO,29,1997,-0.2
MO,29,1998,-1.2
MO,29,1999,-0.4
MO,29,2000,-0.7
MO,29,2001,-0.6
MO,29,2002,-0.6
MO,29,2003,-1.5
MO,29,2004,-0.7
MO,29,2005,-0.4
MO,29,2006,-0.8
MO,29,2007,-0.8
MO,29,2008,-0.8
MO,29,2009,-0.8
MO,29,2010,-3.1
MO,29,2011,-1.6
MO,29,2012,-1.2
MO,29,2013,-1.2
MO,29,2014,-1
MO,29,2015,-1.5
MO,29,2016,-2
MO,29,2017,-0.4
MO,29,2018,-0.5
MO,29,2019,-0.3
MO,29,2020,-2.1
MS,28,1982,3.7
MS,28,1983,2.3
MS,28,1984,1.2
MS,28,1985,5
MS,28,1986,4.8
MS,28,1987,1.4
MS,28,1988,4
MS,28,1989,1.5
MS,28,1990,4.6
MS,28,1991,3.4
MS,28,1992,3
MS,28,1993,3
MS,28,1994,3.6
MS,28,1995,2
MS,28,1996,1.9
MS,28,1997,4.2
MS,28,1998,4.3
MS,28,1999,2.7
MS,28,2000,3.4
MS,28,2001,3.4
MS,28,2002,2.8
MS,28,2003,1.5
MS,28,2004,0.6
MS,28,2005,1.1
MS,28,2006,0.4
MS,28,2007,1.2
MS,28,2008,1.9
MS,28,2009,3.1
MS,28,2010,1.3
MS,28,2011,3.5
MS,28,2012,-0.3
MS,28,2013,3
MS,28,2014,1.6
MS,28,2015,1.1
MS,28,2016,3.9
MS,28,2017,4.6
MS,28,2018,0.6
MS,28,2019,2.5
MS,28,2020,1
MT,30,1982,0
MT,30,1983,0.3
MT,30,1984,0.2
MT,30,1985,0.2
MT,30,1986,0.1
MT,30,1987,0.1
MT,30,1988,1
MT,30,1989,0.2
MT,30,1990,0.1
MT,30,1991,0.1
MT,30,1992,0
MT,30,1993,0
MT,30,1994,0
MT,30,1995,0
MT,30,1996,0.2
MT,30,1997,0
MT,30,1998,0.1
MT,30,1999,0.2
MT,30,2000,0.2
MT,30,2001,0.1
MT,30,2002,0.2
MT,30,2003,0.4
MT,30,2004,0
MT,30,2005,-0
MT,30,2006,0
MT,30,2007,0.5
MT,30,2008,0
MT,30,2009,0
MT,30,2010,0
MT,30,2011,0
MT,30,2012,0.2
MT,30,2013,0
MT,30,2014,0
MT,30,2015,0.1
MT,30,2016,0
MT,30,2017,0.1
MT,30,2018,0.2
MT,30,2019,0
MT,30,2020,0
NC,37,1982,0.7
NC,37,1983,4.7
NC,37,1984,1.8
NC,37,1985,2.1
NC,37,1986,4.7
NC,37,1987,4.5
NC,37,1988,3.7
NC,37,1989,2.1
NC,37,1990,2.6
NC,37,1991,3.1
NC,37,1992,1.7
NC,37,1993,3.2
NC,37,1994,1.5
NC,37,1995,1.5
NC,37,1996,1.3
NC,37,1997,2.5
NC,37,1998,2.5
NC,37,1999,3
NC,37,2000,1.5
NC,37,2001,1.5
NC,37,2002,3.6
NC,37,2003,2.9
NC,37,2004,2.9
NC,37,2005,3.7
NC,37,2006,2.7
NC,37,2007,2.1
NC,37,2008,2.4
NC,37,2009,2.1
NC,37,2010,2.9
NC,37,2011,1.8
NC,37,2012,2
NC,37,2013,1.2
NC,37,2014,1.1
NC,37,2015,2.7
NC,37,2016,4.5
NC,37,2017,2.4
NC,37,2018,2.7
NC,37,2019,4.5
NC,37,2020,3.4
ND,38,1982,0.2
ND,38,1983,-1
ND,38,1984,-0.4
ND,38,1985,-0.2
ND,38,1986,0.1
ND,38,1987,1.5
ND,38,1988,3.4
ND,38,1989,0.8
ND,38,1990,0.1
ND,38,1991,0.7
ND,38,1992,0.4
ND,38,1993,-0.1
ND,38,1994,0
ND,38,1995,0.4
ND,38,1996,-0.2
ND,38,1997,0.4
ND,38,1998,-0.2
ND,38,1999,1
ND,38,2000,0.2
ND,38,2001,0.9
ND,38,2002,2.1
ND,38,2003,1.2
ND,38,2004,0.5
ND,38,2005,-0.1
ND,38,2006,0.8
ND,38,2007,0.7
ND,38,2008,0
ND,38,2009,0
ND,38,2010,0.3
ND,38,2011,0.4
ND,38,2012,0.9
ND,38,2013,0.1
ND,38,2014,0.4
ND,38,2015,1.3
ND,38,2016,0.4
ND,38,2017,-0
ND,38,2018,0.9
ND,38,2019,0
ND,38,2020,0.4
NE,31,1982,2.8
NE,31,1983,4.9
NE,31,1984,2.7
NE,31,1985,3.1
NE,31,1986,2.2
NE,31,1987,4.6
NE,31,1988,3.9
NE,31,1989,2
NE,31,1990,2.7
NE,31,1991,3.3
NE,31,1992,0.7
NE,31,1993,3.2
NE,31,1994,1.9
NE,31,1995,2.3
NE,31,1996,1.9
NE,31,1997,3.5
NE,31,1998,5.8
NE,31,1999,2.4
NE,31,2000,5.6
NE,31,2001,3.8
NE,31,2002,3.3
NE,31,2003,2.9
NE,31,2004,1.5
NE,31,2005,1.9
NE,31,2006,2.5
NE,31,2007,2.8
NE,31,2008,1.5
NE,31,2009,0.8
NE,31,2010,5.6
NE,31,2011,3.5
NE,31,2012,2.8
NE,31,2013,0.9
NE,31,2014,1.1
NE,31,2015,2
NE,31,2016,2.4
NE,31,2017,1.1
NE,31,2018,1.6
NE,31,2019,0.6
NE,31,2020,0.7
NH,33,1982,0.2
NH,33,1983,0.1
NH,33,1984,0
NH,33,1985,0
NH,33,1986,0
NH,33,1987,0.1
NH,33,1988,0.8
NH,33,1989,0
NH,33,1990,0
NH,33,1991,0.7
NH,33,1992,0
NH,33,1993,0.3
NH,33,1994,0.4
NH,33,1995,0.1
NH,33,1996,0
NH,33,1997,0
NH,33,1998,0
NH,33,1999,0.3
NH,33,2000,0
NH,33,2001,0.4
NH,33,2002,-0.3
NH,33,2003,0
NH,33,2004,0
NH,33,2005,-0.2
NH,33,2006,-0.4
NH,33,2007,0.3
NH,33,2008,0
NH,33,2009,0
NH,33,2010,0.1
NH,33,2011,-0
NH,33,2012,0
NH,33,2013,0.2
NH,33,2014,0
NH,33,2015,0
NH,33,2016,0
NH,33,2017,0
NH,33,2018,0.4
NH,33,2019,0
NH,33,2020,0
NJ,34,1982,0.4
NJ,34,1983,1.6
NJ,34,1984,0.4
NJ,34,1985,-0
NJ,34,1986,0
NJ,34,1987,2.8
NJ,34,1988,1.8
NJ,34,1989,1.6
NJ,34,1990,0.5
NJ,34,1991,2.5
NJ,34,1992,0.6
NJ,34,1993,1.4
NJ,34,1994,2.4
NJ,34,1995,2.7
NJ,34,1996,0.1
NJ,34,1997,1.7
NJ,34,1998,0.1
NJ,34,1999,0.9
NJ,34,2000,0.4
NJ,34,2001,1.1
NJ,34,2002,1.9
NJ,34,2003,1.2
NJ,34,2004,0
NJ,34,2005,1.6
NJ,34,2006,0.3
NJ,34,2007,1
NJ,34,2008,1.2
NJ,34,2009,0.4
NJ,34,2010,1.2
NJ,34,2011,1.5
NJ,34,2012,1.1
NJ,34,2013,0.4
NJ,34,2014,0.7
NJ,34,2015,0.6
NJ,34,2016,2.5
NJ,34,2017,0.8
NJ,34,2018,1.9
NJ,34,2019,0.4
NJ,34,2020,1.3
NM,35,1982,0
NM,35,1983,0.2
NM,35,1984,0
NM,35,1985,0.2
NM,35,1986,-0
NM,35,1987,-0
NM,35,1988,0
NM,35,1989,0.7
NM,35,1990,1.3
NM,35,1991,0
NM,35,1992,0.4
NM,35,1993,0.1
NM,35,1994,1.6
NM,35,1995,0.2
NM,35,1996,0.1
NM,35,1997,0.2
NM,35,1998,2.1
NM,35,1999,0.7
NM,35,2000,0.4
NM,35,2001,0.2
NM,35,2002,0.1
NM,35,2003,0.5
NM,35,2004,0
NM,35,2005,0.1
NM,35,2006,0
NM,35,2007,0.3
NM,35,2008,0.3
NM,35,2009,0.1
NM,35,2010,0.3
NM,35,2011,0.1
NM,35,2012,-0
NM,35,2013,0.1
NM,35,2014,0
NM,35,2015,0
NM,35,2016,0
NM,35,2017,0.3
NM,35,2018,0.1
NM,35,2019,0.1
NM,35,2020,1
NV,32,1982,6.9
NV,32,1983,3
NV,32,1984,8.4
NV,32,1985,8.8
NV,32,1986,10.7
NV,32,1987,6.9
NV,32,1988,12.3
NV,32,1989,9.2
NV,32,1990,9.9
NV,32,1991,5.1
NV,32,1992,2.6
NV,32,1993,4.8
NV,32,1994,11.8
NV,32,1995,9.6
NV,32,1996,10.8
NV,32,1997,5.6
NV,32,1998,8.6
NV,32,1999,5
NV,32,2000,11.7
NV,32,2001,12.4
NV,32,2002,10.8
NV,32,2003,9.4
NV,32,2004,10.7
NV,32,2005,4
NV,32,2006,5.7
NV,32,2007,9.9
NV,32,2008,8.6
NV,32,2009,4.3
NV,32,2010,8.1
NV,32,2011,6.7
NV,32,2012,5.5
NV,32,2013,4.2
NV,32,2014,4.8
NV,32,2015,7.6
NV,32,2016,6.8
NV,32,2017,8
NV,32,2018,8.5
NV,32,2019,7.9
NV,32,2020,6.6
NY,36,1982,-0.6
NY,36,1983,-3
NY,36,1984,0.1
NY,36,1985,-0.2
NY,36,1986,-0.2
NY,36,1987,0.1
NY,36,1988,0.9
NY,36,1989,-0
NY,36,1990,0.3
NY,36,1991,-1.2
NY,36,1992,-0
NY,36,1993,-1.7
NY,36,1994,0.4
NY,36,1995,-1
NY,36,1996,0
NY,36,1997,-0.3
NY,36,1998,0
NY,36,1999,-0.8
NY,36,2000,0
NY,36,2001,-1.5
NY,36,2002,-0.9
NY,36,2003,-0.4
NY,36,2004,0
NY,36,2005,-0.9
NY,36,2006,-0.9
NY,36,2007,0.2
NY,36,2008,0.1
NY,36,2009,0
NY,36,2010,-0.7
NY,36,2011,-0.2
NY,36,2012,-0.2
NY,36,2013,-0.5
NY,36,2014,0
NY,36,2015,-0
NY,36,2016,-1.4
NY,36,2017,0
NY,36,2018,-0.9
NY,36,2019,-1
NY,36,2020,0.1
OH,39,1982,0
OH,39,1983,0.9
OH,39,1984,0.2
OH,39,1985,0.1
OH,39,1986,0.4
OH,39,1987,0
OH,39,1988,1.2
OH,39,1989,0.1
OH,39,1990,0
OH,39,1991,0.4
OH,39,1992,-0
OH,39,1993,0.6
OH,39,1994,0
OH,39,1995,0.4
OH,39,1996,-0.1
OH,39,1997,0.4
OH,39,1998,0.5
OH,39,1999,0.3
OH,39,2000,-0
OH,39,2001,0.8
OH,39,2002,1.2
OH,39,2003,0.1
OH,39,2004,0.1
OH,39,2005,-0.2
OH,39,2006,0.3
OH,39,2007,0.8
OH,39,2008,0
OH,39,2009,0.2
OH,39,2010,0.4
OH,39,2011,0.3
OH,39,2012,0.4
OH,39,2013,0.5
OH,39,2014,0
OH,39,2015,-0
OH,39,2016,0.1
OH,39,2017,0
OH,39,2018,0.3
OH,39,2019,0.2
OH,39,2020,0.2
OK,40,1982,-0.5
OK,40,1983,-1.9
OK,40,1984,0.1
OK,40,1985,-1.2
OK,40,1986,1.1
OK,40,1987,-0.9
OK,40,1988,-0.8
OK,40,1989,-0.9
OK,40,1990,-0.9
OK,40,1991,-1.6
OK,40,1992,0.2
OK,40,1993,-1.1
OK,40,1994,1.6
OK,40,1995,-0.6
OK,40,1996,0.8
OK,40,1997,0.2
OK,40,1998,0.2
OK,40,1999,-1.3
OK,40,2000,-0.6
OK,40,2001,0.5
OK,40,2002,-0.2
OK,40,2003,-0.8
OK,40,2004,-0.1
OK,40,2005,-0.1
OK,40,2006,-0.4
OK,40,2007,-0.7
OK,40,2008,-0.2
OK,40,2009,0.1
OK,40,2010,-0.4
OK,40,2011,2.1
OK,40,2012,1
OK,40,2013,1
OK,40,2014,1.1
OK,40,2015,-0.2
OK,40,2016,-1.3
OK,40,2017,0.1
OK,40,2018,-0.3
OK,40,2019,1.4
OK,40,2020,1.5
OR,41,1982,0.2
OR,41,1983,0
OR,41,1984,0.1
OR,41,1985,0.1
OR,41,1986,0
OR,41,1987,0.3
OR,41,1988,0.3
OR,41,1989,0.1
OR,41,1990,2.2
OR,41,1991,0.1
OR,41,1992,1.3
OR,41,1993,0
OR,41,1994,1.3
OR,41,1995,0
OR,41,1996,0.9
OR,41,1997,0.3
OR,41,1998,1.9
OR,41,1999,0
OR,41,2000,0.2
OR,41,2001,0.5
OR,41,2002,1.2
OR,41,2003,1.1
OR,41,2004,0.4
OR,41,2005,0
OR,41,2006,1.5
OR,41,2007,0.3
OR,41,2008,0.7
OR,41,2009,1.4
OR,41,2010,0
OR,41,2011,0
OR,41,2012,0.2
OR,41,2013,0.8
OR,41,2014,0.4
OR,41,2015,1.1
OR,41,2016,0.2
OR,41,2017,0.7
OR,41,2018,0.2
OR,41,2019,0
OR,41,2020,0.2
PA,42,1982,-0.5
PA,42,1983,-0.8
PA,42,1984,0.2
PA,42,1985,-0.1
PA,42,1986,-0.1
PA,42,1987,-1.6
PA,42,1988,-1.9
PA,42,1989,-0.6
PA,42,1990,-0.2
PA,42,1991,-0.5
PA,42,1992,0.1
PA,42,1993,-0.9
PA,42,1994,-1.1
PA,42,1995,-0.7
PA,42,1996,0
PA,42,1997,-0.7
PA,42,1998,-0.1
PA,42,1999,-0.9
PA,42,2000,0
PA,42,2001,-0.8
PA,42,2002,-1.6
PA,42,2003,-0.1
PA,42,2004,0
PA,42,2005,-0.9
PA,42,2006,-0.6
PA,42,2007,-0.4
PA,42,2008,-0.3
PA,42,2009,-0.2
PA,42,2010,-0.9
PA,42,2011,-0.8
PA,42,2012,-0.6
PA,42,2013,-0.5
PA,42,2014,-0.1
PA,42,2015,-0.1
PA,42,2016,-0.7
PA,42,2017,-0.2
PA,42,2018,-0.6
PA,42,2019,-0.7
PA,42,2020,-0.2
RI,44,1982,0.1
RI,44,1983,0.2
RI,44,1984,1.8
RI,44,1985,1
RI,44,1986,0.4
RI,44,1987,0.5
RI,44,1988,4.1
RI,44,1989,0
RI,44,1990,0
RI,44,1991,2.1
RI,44,1992,0
RI,44,1993,2.9
RI,44,1994,1.4
RI,44,1995,1
RI,44,1996,0
RI,44,1997,0
RI,44,1998,0
RI,44,1999,0.2
RI,44,2000,0
RI,44,2001,0.6
RI,44,2002,2.3
RI,44,2003,0
RI,44,2004,0
RI,44,2005,1.5
RI,44,2006,1
RI,44,2007,0
RI,44,2008,0
RI,44,2009,0
RI,44,2010,0
RI,44,2011,0
RI,44,2012,1.2
RI,44,2013,1.4
RI,44,2014,0
RI,44,2015,0
RI,44,2016,0.7
RI,44,2017,0
RI,44,2018,1.6
RI,44,2019,0
RI,44,2020,1.7
SC,45,1982,0.6
SC,45,1983,2.3
SC,45,1984,1.1
SC,45,1985,2.8
SC,45,1986,5
SC,45,1987,3.6
SC,45,1988,3.3
SC,45,1989,1.6
SC,45,1990,3.3
SC,45,1991,2.8
SC,45,1992,1.2
SC,45,1993,3.8
SC,45,1994,0.4
SC,45,1995,2.6
SC,45,1996,1.4
SC,45,1997,2
SC,45,1998,3.2
SC,45,1999,2.6
SC,45,2000,2.1
SC,45,2001,2.9
SC,45,2002,4
SC,45,2003,1.3
SC,45,2004,1.5
SC,45,2005,1.2
SC,45,2006,1.9
SC,45,2007,2.1
SC,45,2008,2.2
SC,45,2009,1.3
SC,45,2010,2.9
SC,45,2011,2.9
SC,45,2012,2.1
SC,45,2013,1.4
SC,45,2014,0.4
SC,45,2015,3
SC,45,2016,2.6
SC,45,2017,1.3
SC,45,2018,0.8
SC,45,2019,2.5
SC,45,2020,2.6
SD,46,1982,2.1
SD,46,1983,4.2
SD,46,1984,1.1
SD,46,1985,0.4
SD,46,1986,1.4
SD,46,1987,2.4
SD,46,1988,0.8
SD,46,1989,1.6
SD,46,1990,2.1
SD,46,1991,1.6
SD,46,1992,0.5
SD,46,1993,0.1
SD,46,1994,0.7
SD,46,1995,3.1
SD,46,1996,0.6
SD,46,1997,2.1
SD,46,1998,1.7
SD,46,1999,3
SD,46,2000,2.6
SD,46,2001,1.4
SD,46,2002,1.7
SD,46,2003,2.3
SD,46,2004,0.9
SD,46,2005,0.8
SD,46,2006,1.1
SD,46,2007,0.8
SD,46,2008,0.6
SD,46,2009,0.6
SD,46,2010,3.2
SD,46,2011,3.1
SD,46,2012,4.6
SD,46,2013,1.5
SD,46,2014,0.2
SD,46,2015,0.6
SD,46,2016,1.8
SD,46,2017,1.7
SD,46,2018,1.8
SD,46,2019,1.8
SD,46,2020,1.7
TN,47,1982,2
TN,47,1983,3.3
TN,47,1984,0.6
TN,47,1985,2.5
TN,47,1986,3.1
TN,47,1987,2.7
TN,47,1988,3.9
TN,47,1989,2.3
TN,47,1990,1.8
TN,47,1991,2.2
TN,47,1992,0.6
TN,47,1993,2.6
TN,47,1994,0.5
TN,47,1995,2.5
TN,47,1996,1.6
TN,47,1997,1.6
TN,47,1998,2.6
TN,47,1999,1.8
TN,47,2000,2.6
TN,47,2001,1.8
TN,47,2002,2.8
TN,47,2003,1.7
TN,47,2004,1
TN,47,2005,1.9
TN,47,2006,1.9
TN,47,2007,2.3
TN,47,2008,1.3
TN,47,2009,1.5
TN,47,2010,4.1
TN,47,2011,3.6
TN,47,2012,2.5
TN,47,2013,0.6
TN,47,2014,0.7
TN,47,2015,1.8
TN,47,2016,5.3
TN,47,2017,2
TN,47,2018,2.9
TN,47,2019,3.3
TN,47,2020,2.7
TX,48,1982,4.1
TX,48,1983,2.7
TX,48,1984,4.6
TX,48,1985,4.5
TX,48,1986,3.9
TX,48,1987,-1
TX,48,1988,-3.1
TX,48,1989,-0.8
TX,48,1990,0.5
TX,48,1991,-2.1
TX,48,1992,-0
TX,48,1993,-0.4
TX,48,1994,-1.2
TX,48,1995,-2.9
TX,48,1996,0.1
TX,48,1997,-2.5
TX,48,1998,-4
TX,48,1999,-2
TX,48,2000,1
TX,48,2001,0.1
TX,48,2002,0.8
TX,48,2003,-2
TX,48,2004,-1.5
TX,48,2005,-0.2
TX,48,2006,-2.6
TX,48,2007,-1.8
TX,48,2008,3.3
TX,48,2009,-3.2
TX,48,2010,-0.7
TX,48,2011,-1.3
TX,48,2012,-1.4
TX,48,2013,-0.2
TX,48,2014,0.4
TX,48,2015,-0.1
TX,48,2016,-1.8
TX,48,2017,-3.9
TX,48,2018,-5.3
TX,48,2019,-2.3
TX,48,2020,-0
UT,49,1982,0.1
UT,49,1983,0.2
UT,49,1984,0.3
UT,49,1985,0.8
UT,49,1986,0.3
UT,49,1987,0.1
UT,49,1988,1.3
UT,49,1989,0.6
UT,49,1990,0.5
UT,49,1991,0.4
UT,49,1992,0.7
UT,49,1993,0.2
UT,49,1994,1.7
UT,49,1995,0.7
UT,49,1996,1.4
UT,49,1997,0.4
UT,49,1998,0.8
UT,49,1999,0.2
UT,49,2000,0.5
UT,49,2001,0.9
UT,49,2002,0.8
UT,49,2003,1
UT,49,2004,0.3
UT,49,2005,0.6
UT,49,2006,0.8
UT,49,2007,1.1
UT,49,2008,0.5
UT,49,2009,0.5
UT,49,2010,0.6
UT,49,2011,0.3
UT,49,2012,0.2
UT,49,2013,0.5
UT,49,2014,0.2
UT,49,2015,0.3
UT,49,2016,0.5
UT,49,2017,0.8
UT,49,2018,0.9
UT,49,2019,0.3
UT,49,2020,0.7
VA,51,1982,0.8
VA,51,1983,3.7
VA,51,1984,1.2
VA,51,1985,0.7
VA,51,1986,2.9
VA,51,1987,2
VA,51,1988,1.3
VA,51,1989,-0
VA,51,1990,1
VA,51,1991,-0
VA,51,1992,0.5
VA,51,1993,0.7
VA,51,1994,-0.8
VA,51,1995,0.1
VA,51,1996,0.4
VA,51,1997,1.1
VA,51,1998,1.1
VA,51,1999,1.9
VA,51,2000,1.4
VA,51,2001,1.5
VA,51,2002,3.9
VA,51,2003,2.7
VA,51,2004,0.8
VA,51,2005,2.1
VA,51,2006,1.5
VA,51,2007,1
VA,51,2008,0.8
VA,51,2009,0.7
VA,51,2010,2.4
VA,51,2011,0.7
VA,51,2012,1.2
VA,51,2013,0.7
VA,51,2014,-0.1
VA,51,2015,1.1
VA,51,2016,0.8
VA,51,2017,0
VA,51,2018,-0
VA,51,2019,1.3
VA,51,2020,0.7
VT,50,1982,0.3
VT,50,1983,0
VT,50,1984,0
VT,50,1985,0
VT,50,1986,0
VT,50,1987,0.1
VT,50,1988,0.6
VT,50,1989,0
VT,50,1990,0
VT,50,1991,0.1
VT,50,1992,0
VT,50,1993,0
VT,50,1994,0.6
VT,50,1995,0.5
VT,50,1996,0
VT,50,1997,0
VT,50,1998,0
VT,50,1999,0
VT,50,2000,0
VT,50,2001,0.2
VT,50,2002,0.5
VT,50,2003,0.2
VT,50,2004,0
VT,50,2005,0
VT,50,2006,1
VT,50,2007,0.2
VT,50,2008,0
VT,50,2009,0
VT,50,2010,0.8
VT,50,2011,0.1
VT,50,2012,0
VT,50,2013,0.1
VT,50,2014,0
VT,50,2015,0
VT,50,2016,0
VT,50,2017,0
VT,50,2018,1.2
VT,50,2019,0.5
VT,50,2020,0.3
WA,53,1982,0.3
WA,53,1983,0
WA,53,1984,0.3
WA,53,1985,0.5
WA,53,1986,0.3
WA,53,1987,0
WA,53,1988,0
WA,53,1989,0
WA,53,1990,0.7
WA,53,1991,0.1
WA,53,1992,1
WA,53,1993,0
WA,53,1994,0.6
WA,53,1995,0
WA,53,1996,0.1
WA,53,1997,0.2
WA,53,1998,0.8
WA,53,1999,0
WA,53,2000,0.1
WA,53,2001,0
WA,53,2002,0.6
WA,53,2003,0.2
WA,53,2004,0.3
WA,53,2005,0.1
WA,53,2006,0.8
WA,53,2007,0.3
WA,53,2008,0.4
WA,53,2009,0.7
WA,53,2010,0
WA,53,2011,0
WA,53,2012,0.3
WA,53,2013,0.3
WA,53,2014,0.5
WA,53,2015,0.9
WA,53,2016,0.1
WA,53,2017,0.1
WA,53,2018,0.3
WA,53,2019,0
WA,53,2020,0.4
WI,55,1982,-0
WI,55,1983,-0.2
WI,55,1984,-0.1
WI,55,1985,-0.1
WI,55,1986,-0.1
WI,55,1987,0.1
WI,55,1988,0.8
WI,55,1989,0.1
WI,55,1990,0.1
WI,55,1991,0.2
WI,55,1992,0.1
WI,55,1993,0
WI,55,1994,0.2
WI,55,1995,-0.5
WI,55,1996,0
WI,55,1997,0.1
WI,55,1998,-0.1
WI,55,1999,-0.1
WI,55,2000,0.1
WI,55,2001,-0.1
WI,55,2002,0.1
WI,55,2003,0
WI,55,2004,0
WI,55,2005,0.1
WI,55,2006,-0
WI,55,2007,0
WI,55,2008,0
WI,55,2009,0
WI,55,2010,0.1
WI,55,2011,-0
WI,55,2012,NA
WI,55,2013,0.2
WI,55,2014,0
WI,55,2015,0
WI,55,2016,0.1
WI,55,2017,0
WI,55,2018,0.3
WI,55,2019,-0
WI,55,2020,0.2
WV,54,1982,0.1
WV,54,1983,-0.8
WV,54,1984,0.1
WV,54,1985,-0.1
WV,54,1986,-0.2
WV,54,1987,-0.1
WV,54,1988,-0.9
WV,54,1989,-0.2
WV,54,1990,-0.3
WV,54,1991,-0.2
WV,54,1992,0
WV,54,1993,-0.6
WV,54,1994,-0
WV,54,1995,-0.6
WV,54,1996,-0
WV,54,1997,-0.6
WV,54,1998,-0.3
WV,54,1999,-1.8
WV,54,2000,0.1
WV,54,2001,-0.4
WV,54,2002,-0.2
WV,54,2003,-0
WV,54,2004,0
WV,54,2005,-0.5
WV,54,2006,-0.2
WV,54,2007,-0.6
WV,54,2008,0
WV,54,2009,0
WV,54,2010,-0.3
WV,54,2011,-0.8
WV,54,2012,-1
WV,54,2013,-0.1
WV,54,2014,0
WV,54,2015,-0
WV,54,2016,-0.3
WV,54,2017,0
WV,54,2018,-0.7
WV,54,2019,-0.6
WV,54,2020,0.1
WY,56,1982,0
WY,56,1983,0
WY,56,1984,0
WY,56,1985,0
WY,56,1986,0
WY,56,1987,0.2
WY,56,1988,0
WY,56,1989,0.2
WY,56,1990,0
WY,56,1991,0
WY,56,1992,0
WY,56,1993,0
WY,56,1994,0
WY,56,1995,0.2
WY,56,1996,0
WY,56,1997,0
WY,56,1998,0
WY,56,1999,0
WY,56,2000,0
WY,56,2001,0
WY,56,2002,0
WY,56,2003,0.9
WY,56,2004,0
WY,56,2005,0
WY,56,2006,0
WY,56,2007,0
WY,56,2008,0
WY,56,2009,0
WY,56,2010,0
WY,56,2011,0
WY,56,2012,NA
WY,56,2013,0
WY,56,2014,0
WY,56,2015,0
WY,56,2016,0
WY,56,2017,0
WY,56,2018,0
WY,56,2019,0
WY,56,2020,0
USA,99,1982,6
USA,99,1983,7
USA,99,1984,5.4
USA,99,1985,6
USA,99,1986,7.3
USA,99,1987,6.4
USA,99,1988,5.6
USA,99,1989,5.3
USA,99,1990,7.2
USA,99,1991,4.5
USA,99,1992,4
USA,99,1993,6
USA,99,1994,3.5
USA,99,1995,5.7
USA,99,1996,5.2
USA,99,1997,5.4
USA,99,1998,9.8
USA,99,1999,5.7
USA,99,2000,6.7
USA,99,2001,5.2
USA,99,2002,5.4
USA,99,2003,4.6
USA,99,2004,3.6
USA,99,2005,6
USA,99,2006,4.4
USA,99,2007,3.9
USA,99,2008,3.9
USA,99,2009,4.2
USA,99,2010,7.6
USA,99,2011,6.6
USA,99,2012,NA
USA,99,2013,4
USA,99,2014,4
USA,99,2015,5.5
USA,99,2016,6.2
USA,99,2017,4.9
USA,99,2018,5
USA,99,2019,5.1
USA,99,2020,5.4
