STATE,state,year,wbgt_26_diff,wbgt_30_diff
AL,01,1982,3.198850124975934,0.011157295996499672
AL,01,1983,1.956586000045661,0.23616001991722269
AL,01,1984,5.664907046053692,0
AL,01,1985,3.875565781926923,0.08526647989052372
AL,01,1986,5.205546830895855,-0.10842032366952226
AL,01,1987,3.6599370176689945,0.28059324246450057
AL,01,1988,3.418614357760312,0.07085204595927906
AL,01,1989,4.985590002802887,0.08907071100311706
AL,01,1990,6.617680099515056,0.4193300272081184
AL,01,1991,6.25269001574182,0.05613026221208238
AL,01,1992,5.2291203685283065,0
AL,01,1993,4.042204821020405,0.6977380475163653
AL,01,1994,6.818093700314591,0
AL,01,1995,4.795542510365095,0.8324452683936858
AL,01,1996,5.3159074421624055,0.03389588824368553
AL,01,1997,4.042287905923175,0.46253851144375824
AL,01,1998,5.791055672238954,0.31188610140668627
AL,01,1999,2.4490671769161594,0.3892154108106256
AL,01,2000,5.041726599426255,0.3190710490173039
AL,01,2001,4.685258703084244,0.06128944050254488
AL,01,2002,6.276572085354161,0.046879394943275934
AL,01,2003,4.928638346217852,0
AL,01,2004,4.6062772843317745,0.02925274244460418
AL,01,2005,4.227901916239787,0.7983042768621129
AL,01,2006,4.733442933614967,0.04282875333723796
AL,01,2007,3.485345027608858,0.5079877533555622
AL,01,2008,6.79506853344639,0.0012922797068260637
AL,01,2009,4.659816235955482,0.004062880895083914
AL,01,2010,4.716759665930397,1.143641608663848
AL,01,2011,3.66581074576537,1.0433569270191385
AL,01,2012,2.5114398361723715,0.1351308285438018
AL,01,2013,4.384303405857999,0.059005531768603306
AL,01,2014,5.072369152387033,0
AL,01,2015,5.496134249494325,0.7431901477984617
AL,01,2016,5.857113969452357,0.29628580871384325
AL,01,2017,6.683442794589006,0.011126043066537488
AL,01,2018,7.517234523363385,0.3202687860851529
AL,01,2019,8.202772622371242,1.05343280182038
AL,01,2020,6.478260885303058,0.0684876198485938
AR,05,1982,3.9465559534567376,0.4232620282535309
AR,05,1983,3.1325078555151293,1.291942408556309
AR,05,1984,1.9715487522593307,0.009715924447982527
AR,05,1985,3.0950157972560604,0.4900718983849439
AR,05,1986,9.155417956077613,1.3077506167110684
AR,05,1987,6.341005063709176,1.37062660993002
AR,05,1988,2.8699452301117034,1.7641141674260534
AR,05,1989,2.8050534298172494,-0.5545834157390725
AR,05,1990,1.64969213436504,0.5917433881922352
AR,05,1991,5.548115748867588,0.09721566776781501
AR,05,1992,5.475489393306923,0.12458711703352822
AR,05,1993,5.237358134448002,0.05058060844267054
AR,05,1994,4.386341244110646,0.10357661306474503
AR,05,1995,3.260014644306466,1.2757953575875023
AR,05,1996,5.44054748250678,0.360916228045453
AR,05,1997,2.8038651190140413,0.522032636584556
AR,05,1998,5.6093046829827244,0.21557175467603162
AR,05,1999,3.8935884744498708,0.558999158602087
AR,05,2000,4.842713151446361,0.19708110782676158
AR,05,2001,2.940351440354597,0.08097077509659978
AR,05,2002,7.105105676433368,0.10250196481989152
AR,05,2003,3.1689964057864657,0.3656493655437312
AR,05,2004,4.077450393385973,0.061734424726456294
AR,05,2005,5.406214751527429,0.9446621109855464
AR,05,2006,2.826735143414524,-0.15426738126926898
AR,05,2007,6.803100451521594,0.2333145255868161
AR,05,2008,8.054783169662905,0.2835326447116566
AR,05,2009,3.7746202236863766,0.61155888414956
AR,05,2010,6.270284280302306,2.3218415515636366
AR,05,2011,1.6844167870096243,0.38018546166575007
AR,05,2012,0.8767225812734551,1.1079907121604147
AR,05,2013,5.005801197134865,0.07013966483357087
AR,05,2014,6.819077907114512,0.24054390515282736
AR,05,2015,7.730727906910076,2.2920552186548413
AR,05,2016,7.035344144742254,0.8488868217087226
AR,05,2017,6.066617979465683,0.2802345494612649
AR,05,2018,9.591107308509933,0.15640431774961305
AR,05,2019,6.538687600425362,0.09729747725498594
AR,05,2020,4.8746641881791675,-0.12614577294382312
AZ,04,1982,15.280989109454097,8.157337161568455
AZ,04,1983,16.34728164889019,8.186541610909995
AZ,04,1984,15.999047139307379,13.336309098555974
AZ,04,1985,11.2355375906439,2.2119514696990965
AZ,04,1986,14.221332749330841,9.145911445260213
AZ,04,1987,18.19090798379733,4.956014145865048
AZ,04,1988,13.78690594509176,6.564808570648374
AZ,04,1989,22.644150701679266,7.3641257110839025
AZ,04,1990,14.45119968657086,7.411112860881949
AZ,04,1991,22.048764465294084,2.768597037643445
AZ,04,1992,20.58580459721344,5.460082122445884
AZ,04,1993,11.314631700649073,5.49342189843396
AZ,04,1994,12.072603444973694,10.196938202398712
AZ,04,1995,9.361494962134103,4.883763473543107
AZ,04,1996,17.416021504136367,7.939438531873286
AZ,04,1997,10.613474372133766,5.1035295345181
AZ,04,1998,8.834980540615533,9.835311272248546
AZ,04,1999,13.253637637246811,11.350433200239536
AZ,04,2000,11.369614984590214,5.20006961116215
AZ,04,2001,12.212915691022673,4.456809713577782
AZ,04,2002,10.738810358455908,4.873458484860641
AZ,04,2003,16.02041733678591,9.11297808076818
AZ,04,2004,14.031571399065157,4.953101669208587
AZ,04,2005,14.23998354226947,6.3066261229208305
AZ,04,2006,10.855861151792539,5.133721176224579
AZ,04,2007,14.996738851356994,8.308630443862292
AZ,04,2008,10.678516217414582,6.222455525702172
AZ,04,2009,16.029823643390543,6.210501878019244
AZ,04,2010,6.7194657145945484,4.789871186107872
AZ,04,2011,14.536888551374176,6.559211673016744
AZ,04,2012,20.214442701657234,5.201565030692732
AZ,04,2013,13.281593368303533,4.844201760989306
AZ,04,2014,15.019585317050854,2.86034007145403
AZ,04,2015,14.172222546778912,4.337456743165906
AZ,04,2016,12.88578940807966,4.320449412758297
AZ,04,2017,10.289341852569237,5.558939212726887
AZ,04,2018,11.483036509104707,7.241966595158365
AZ,04,2019,11.763555706843377,7.153950092700809
AZ,04,2020,16.06186093855132,9.900073057853119
CA,06,1982,16.46568162277091,1.3402993999571635
CA,06,1983,18.068156382937236,0.42362596885619913
CA,06,1984,26.806913894601475,3.5744508299711293
CA,06,1985,16.95650565544807,0.5367159791242415
CA,06,1986,18.743641469749463,0.8640333257799612
CA,06,1987,18.550226513560453,0.936673675308991
CA,06,1988,18.801301490216026,1.82029927018935
CA,06,1989,14.812684103272344,1.3358009764199472
CA,06,1990,15.258489217911043,3.275363919141034
CA,06,1991,18.832685096647914,2.2768685597008433
CA,06,1992,17.63454183367459,2.4400332263508786
CA,06,1993,16.312718085655163,1.3532546808436925
CA,06,1994,15.046111728971113,3.1728056210647586
CA,06,1995,14.625618689915488,3.7284385693182878
CA,06,1996,18.536946437059758,5.156358410376554
CA,06,1997,17.288789743521935,3.3596688484578663
CA,06,1998,9.631619321261184,6.132858629538531
CA,06,1999,12.808336113527853,2.4410095557125144
CA,06,2000,18.475095778383803,3.7574491795615437
CA,06,2001,22.111980990292935,2.985236663907721
CA,06,2002,17.470829374430384,3.1870541437179942
CA,06,2003,22.900301755499743,3.871382346300317
CA,06,2004,17.404974237372993,2.6454060529764387
CA,06,2005,15.815146027366653,3.4938092545540282
CA,06,2006,14.703667269618983,4.771181627694452
CA,06,2007,11.185930944216414,4.01524577609165
CA,06,2008,17.054129242647065,3.095547112768694
CA,06,2009,21.005806174534595,2.485502027273783
CA,06,2010,10.579554704837403,2.4550083087796994
CA,06,2011,13.726467606102085,2.504331064344825
CA,06,2012,16.087028049353187,1.6934859650362688
CA,06,2013,18.639686694397064,2.5056476833568553
CA,06,2014,19.07998956596746,2.1307059379389037
CA,06,2015,17.05782278383009,2.0197651025897128
CA,06,2016,16.566341607540647,1.9118378603233401
CA,06,2017,19.42139987743154,3.2829742005445213
CA,06,2018,18.940115461667105,2.260430147279219
CA,06,2019,17.783805841202668,1.628718897807259
CA,06,2020,19.119571510043606,2.8973133452318396
CO,08,1982,3.7405660054285494,0
CO,08,1983,7.489432013680736,0
CO,08,1984,3.3175109270717638,0
CO,08,1985,4.232264541491381,0
CO,08,1986,3.1671461123413005,0
CO,08,1987,5.024971075847697,0
CO,08,1988,7.257755806046214,0
CO,08,1989,4.025693627856121,0
CO,08,1990,5.3013481796,0
CO,08,1991,5.240173626387616,0
CO,08,1992,1.7401670869145345,0
CO,08,1993,2.453150728386808,0
CO,08,1994,6.671229666963895,0
CO,08,1995,8.10626818767662,0
CO,08,1996,5.405068746614887,0.029962729258078975
CO,08,1997,4.278162826529273,0
CO,08,1998,6.2956615708755805,0
CO,08,1999,3.551589092218122,0
CO,08,2000,9.383956103907805,0
CO,08,2001,10.139324174718864,0
CO,08,2002,9.764863424274456,0
CO,08,2003,12.580741387334786,0
CO,08,2004,2.821478881437675,0
CO,08,2005,5.530585733461251,0
CO,08,2006,3.6623690886661566,0
CO,08,2007,4.898574285894693,0
CO,08,2008,4.101438301503003,0
CO,08,2009,2.0762408145652667,0
CO,08,2010,4.062662607317444,0
CO,08,2011,6.683512700075284,0
CO,08,2012,9.037655613774067,0
CO,08,2013,5.71958903640641,0
CO,08,2014,3.7395221227183715,0
CO,08,2015,3.841615801672857,0
CO,08,2016,5.645992425281109,0
CO,08,2017,3.907070301553465,0
CO,08,2018,4.1784753858657275,0
CO,08,2019,6.68291292373592,0
CO,08,2020,6.021995183782177,0
CT,09,1982,0.8775278351732929,0
CT,09,1983,3.5602825067464714,0
CT,09,1984,0.8843729863086489,0
CT,09,1985,0.9058947489221918,0
CT,09,1986,0.8698866700804431,0
CT,09,1987,2.148923721495814,0
CT,09,1988,3.143098525325817,0
CT,09,1989,1.17688294315393,0
CT,09,1990,1.51703924681363,0
CT,09,1991,2.169534750295478,0
CT,09,1992,0.8505202095851532,0
CT,09,1993,0.9650279542664828,0
CT,09,1994,1.2056897425080368,0.12837744215047803
CT,09,1995,1.7066249533096371,0
CT,09,1996,0.5218763795716446,0
CT,09,1997,1.9683114103660095,0
CT,09,1998,1.075084500070614,0
CT,09,1999,2.061839354487997,0.0024762769147774755
CT,09,2000,1.8401881905979227,0
CT,09,2001,2.4391245176593257,0
CT,09,2002,2.8028753017188315,0
CT,09,2003,0.4831416435755953,0
CT,09,2004,0.83868043736949,0
CT,09,2005,4.241040933634478,0
CT,09,2006,2.0753869859993612,0.4298877649993072
CT,09,2007,2.4699361947802423,0
CT,09,2008,1.2596723678549209,0
CT,09,2009,1.5733090844341509,0
CT,09,2010,3.1478165234807918,0
CT,09,2011,0.4910706299933172,0
CT,09,2012,1.7825793045592029,0
CT,09,2013,1.5312689459251825,0
CT,09,2014,1.7776778999060778,0
CT,09,2015,2.4933501115502796,0
CT,09,2016,2.250097634824324,0.06415408064292642
CT,09,2017,2.0284654214099143,0
CT,09,2018,2.8981898564748256,0
CT,09,2019,0.23248903543029975,0.06415408064292642
CT,09,2020,2.4273539709044663,0
DC,11,1982,-0.9393063583815042,0
DC,11,1983,-4.838150289017342,0
DC,11,1984,0.08092485549132888,0
DC,11,1985,0,0
DC,11,1986,-1,0
DC,11,1987,-1.9393063583815007,0
DC,11,1988,-0.9595375722543338,1
DC,11,1989,0.02023121387283311,-0.9797687861271677
DC,11,1990,0.02023121387283311,0
DC,11,1991,0,0
DC,11,1992,-0.9797687861271669,0
DC,11,1993,0.04046242774566622,0
DC,11,1994,-2.8786127167630085,0
DC,11,1995,3,0
DC,11,1996,0.02023121387283311,0
DC,11,1997,-1.9595375722543338,0
DC,11,1998,-0.8583815028901753,0
DC,11,1999,0.02023121387283311,0
DC,11,2000,1.0606936416184958,0
DC,11,2001,0.060693641618495775,0.020231213872832443
DC,11,2002,-1.9190751445086676,0
DC,11,2003,1.020231213872833,0
DC,11,2004,0.06069364161849755,0
DC,11,2005,0.060693641618495775,0
DC,11,2006,-0.9595375722543338,0
DC,11,2007,-0.9190751445086711,0
DC,11,2008,0.02023121387283311,0
DC,11,2009,0.02023121387283311,0
DC,11,2010,0,0
DC,11,2011,0.02023121387283311,0
DC,11,2012,0.04046242774566622,0
DC,11,2013,-0.9393063583815042,0
DC,11,2014,0,0
DC,11,2015,0.08092485549132888,0
DC,11,2016,0,0
DC,11,2017,-0.9393063583815042,0
DC,11,2018,-2.9393063583815042,0.02023121387283237
DC,11,2019,0.08092485549133244,0.02023121387283237
DC,11,2020,-0.9595375722543338,0
DE,10,1982,0.2486452282855538,0
DE,10,1983,0.9499315169966636,0.45388367601465435
DE,10,1984,0.13215983639029005,0
DE,10,1985,1.063269424194143,0
DE,10,1986,-0.18396637990042386,0
DE,10,1987,0.4641523629958044,-0.09261883610933133
DE,10,1988,1.157253258332652,0.15802145358769537
DE,10,1989,0.14364316265202248,0
DE,10,1990,0.7061212047545808,0.28150760493567706
DE,10,1991,0.6584220586006779,-0.09189376543902528
DE,10,1992,0.43173141794816594,0
DE,10,1993,0.7534091431210577,-0.05693748271392107
DE,10,1994,0.14794052197921204,0
DE,10,1995,0.3619979626701273,0.07541899441340782
DE,10,1996,1.2322618598842592,0
DE,10,1997,0.6436430978864944,0
DE,10,1998,-0.2718346129833904,0
DE,10,1999,0.3982425687813915,0.35683561171919254
DE,10,2000,0.27600830370423957,0
DE,10,2001,0.4328168354922628,0.33564995532089736
DE,10,2002,-0.05822749578366171,0
DE,10,2003,1.3523669149298314,0
DE,10,2004,0.8481104945118663,0
DE,10,2005,0.13785287968561022,0.07623547408731157
DE,10,2006,1.7641915330603162,-0.3319935610344844
DE,10,2007,-0.27458429890808844,0.02822496360636223
DE,10,2008,1.0927488703386743,0
DE,10,2009,3.347095316218443,0
DE,10,2010,1.4769376300588206,0.1680633147113595
DE,10,2011,0.9096559732968323,0.3572315332091869
DE,10,2012,0.01540474759860544,0
DE,10,2013,-0.43540408539313447,0
DE,10,2014,0.08393124477561642,0
DE,10,2015,-1.2238855661732035,0
DE,10,2016,-0.37220539031116573,-1.092603651396195
DE,10,2017,-0.5766545837340846,0
DE,10,2018,0.3151050618670759,0.2774674115456238
DE,10,2019,-0.2159645287040206,-0.8788019863438858
DE,10,2020,-0.5178121539464193,0
FL,12,1982,-8.742640690131026,0.04671704117209163
FL,12,1983,-12.372825804593106,1.1812421797472443
FL,12,1984,-10.26483627852609,0.1189632309821767
FL,12,1985,-18.62795528976352,0.6799047488971206
FL,12,1986,-6.958658434611564,1.90183283855366
FL,12,1987,-8.649624074865386,0.4290738644459545
FL,12,1988,-11.967184672731037,0.309410208948661
FL,12,1989,-16.0211851558945,0.6258526428411558
FL,12,1990,-11.321340539865517,0.8397783152033306
FL,12,1991,-14.104231134786104,-0.23092397564820072
FL,12,1992,-14.048637526568683,-0.06667198052467144
FL,12,1993,-10.183556969030832,1.3426450942585713
FL,12,1994,-23.536826698522077,-0.21054094601764317
FL,12,1995,-18.042510593204057,-2.1840458482598826
FL,12,1996,-16.943769549933265,-0.16442780622222414
FL,12,1997,-14.613730123990123,0.6352427627684314
FL,12,1998,-8.354079545163302,-1.8259975896214975
FL,12,1999,-15.063706363013395,0.728197650701905
FL,12,2000,-9.295246882290357,0.7972067060943069
FL,12,2001,-10.826383102670263,-0.16343859016350684
FL,12,2002,-14.057169768282577,0.3449790777491897
FL,12,2003,-21.357170617493026,0.09144997157647063
FL,12,2004,-11.463331311221054,0.01229530105668312
FL,12,2005,-13.027227834861492,0.10128885699941614
FL,12,2006,-11.259675649827784,4.989397530248223e-4
FL,12,2007,-9.303035015883651,1.3176561742461494
FL,12,2008,-12.217231724427805,0
FL,12,2009,-17.304279884228038,-0.6094254456795838
FL,12,2010,-10.034671979276567,0.47524039862441825
FL,12,2011,-7.564088101658726,0.4465272565005922
FL,12,2012,-13.268527090240326,0.41896913806386543
FL,12,2013,-12.363598663844684,0.008535433632103209
FL,12,2014,-12.853628358267855,0.16199374710072245
FL,12,2015,-15.793010425264924,1.6543424809049068
FL,12,2016,-10.515562971980032,0.3757255077274834
FL,12,2017,-14.993987102223514,0.096510991454934
FL,12,2018,-8.493895907167428,0.294924091651493
FL,12,2019,-11.987112118050533,1.261040199092565
FL,12,2020,-17.01168195423,1.5708326287264023
GA,13,1982,17.747945591197094,0.02504140661847777
GA,13,1983,7.00936423489177,2.303219601366855
GA,13,1984,14.685711121541345,0.014697978479527031
GA,13,1985,13.079482626212446,1.0971729859625026
GA,13,1986,16.85077370477599,2.046434883376106
GA,13,1987,12.02304430001665,0.9126862504499667
GA,13,1988,9.580378430451205,0.29465064709857397
GA,13,1989,14.86717872806792,0.17484202537387575
GA,13,1990,14.783808554364448,0.5579346646654165
GA,13,1991,13.088746276296867,0.2233842784305358
GA,13,1992,15.700044231632333,0.06875189393821035
GA,13,1993,10.116647428444224,1.7675808439640082
GA,13,1994,15.607091935059888,0
GA,13,1995,12.414216246736693,1.803669439739094
GA,13,1996,15.93512411976483,0.08628895879422153
GA,13,1997,14.479927076876322,0.5276460413805026
GA,13,1998,17.303827824151327,1.178560511736586
GA,13,1999,12.098061587652452,1.7941217274982653
GA,13,2000,16.21385499044075,0.2458469928248783
GA,13,2001,18.601749439305994,0.09807016576258376
GA,13,2002,16.44864176933278,0.28205669808996603
GA,13,2003,16.949883996050268,0
GA,13,2004,17.14485535846424,0.07696553344094935
GA,13,2005,15.56350208062291,1.0904148344422593
GA,13,2006,12.769978883474302,0.10064711881168273
GA,13,2007,13.877357499103788,1.5528404874311086
GA,13,2008,16.870958808016802,0.07171014986203486
GA,13,2009,16.997725827655863,0.2383740370418232
GA,13,2010,11.1388747157839,4.144715551222659
GA,13,2011,13.974349369709003,0.5285587305528934
GA,13,2012,10.560340141656845,0.6496738367106352
GA,13,2013,17.270927786225663,0.14672750606017396
GA,13,2014,18.014253810645926,0.20764963015606897
GA,13,2015,12.361595932691607,1.1203358080627832
GA,13,2016,10.34993746119163,1.143949893848714
GA,13,2017,15.745587530220945,0.049709879454639186
GA,13,2018,20.95787145721846,0.0070019477827568495
GA,13,2019,17.223092868553465,0.5810663515006829
GA,13,2020,14.764513559558608,0.06176660800400241
IA,19,1982,1.70095779967183,0.05564924114671164
IA,19,1983,3.2176663423748906,0.9398202250344163
IA,19,1984,1.8796325268319372,0.011401303587914573
IA,19,1985,0.9829658331514644,0
IA,19,1986,1.0188630338515683,0
IA,19,1987,2.04528860761501,0.41594727975841844
IA,19,1988,0.9536461603224886,0.511576668798907
IA,19,1989,0.47229467694058513,0.20064251779902104
IA,19,1990,2.0347464867815788,0.2994425727692514
IA,19,1991,2.502982941434105,0
IA,19,1992,0.4038566601714195,0
IA,19,1993,2.7827861488911285,0.0206658378470742
IA,19,1994,2.052825813579261,0
IA,19,1995,1.6673129833063314,0.7398192162821187
IA,19,1996,1.3080843819755028,0.23537098911108664
IA,19,1997,1.7792889910007332,0.2691783996236272
IA,19,1998,3.7792868398963115,0.44061083683108127
IA,19,1999,2.047144537403362,0.574128475543179
IA,19,2000,2.6015936218922633,0.20022638386600733
IA,19,2001,1.555874485646008,0.7926438854375113
IA,19,2002,2.5422774194414295,0.2638684674273174
IA,19,2003,1.569288989942926,0.5640870228026296
IA,19,2004,1.1773867956950204,0.09829756563967595
IA,19,2005,2.1031024891621257,0.41853793560801056
IA,19,2006,2.3598835301137697,0.514421004947305
IA,19,2007,1.530846299303196,0.14445655867944907
IA,19,2008,2.0285795678468466,0.2242365292401381
IA,19,2009,1.2883969589880975,0.08464206409565622
IA,19,2010,1.6847108235812236,0.06062678543888511
IA,19,2011,2.116143920315867,0.7329973916625736
IA,19,2012,2.5929135411920363,0.14208539015123928
IA,19,2013,1.8158603093897732,0.004619106972651954
IA,19,2014,1.5874306059118846,5.865532663685021e-4
IA,19,2015,1.2798938036779415,0.22763053594970825
IA,19,2016,2.3431744696680106,0.030176492899422147
IA,19,2017,1.6413374623315509,0.3206280100752329
IA,19,2018,3.4192994309151707,0.004619106972651954
IA,19,2019,2.778216620037341,0.14850939299446742
IA,19,2020,2.3146695831749646,0.16576090010413808
ID,16,1982,0.5534966768892534,0
ID,16,1983,2.4988054560254525,0
ID,16,1984,2.9800756543023015,0
ID,16,1985,2.1064421024582347,0
ID,16,1986,1.6056326111805705,0
ID,16,1987,1.7016169888411732,0
ID,16,1988,3.8950286909399128,0
ID,16,1989,4.6719794606203715,0
ID,16,1990,7.526317819860979,0.010706638115631691
ID,16,1991,3.816854751181892,0
ID,16,1992,5.118553961208541,0
ID,16,1993,0.4633194808041319,0
ID,16,1994,7.541222067174349,0
ID,16,1995,1.439098115512887,0
ID,16,1996,4.158695146946829,0
ID,16,1997,2.3493183775202304,0
ID,16,1998,8.798965169978853,0
ID,16,1999,2.569287609175794,0
ID,16,2000,4.299790659598658,0
ID,16,2001,3.9207833050318994,0.0036581013561741613
ID,16,2002,4.09253372804707,0.032209136331192004
ID,16,2003,6.096181851138764,0.010795860099928622
ID,16,2004,3.4518784641113225,0
ID,16,2005,4.202344243301277,0
ID,16,2006,4.336944091789745,0.0036581013561741613
ID,16,2007,4.895619392547923,0
ID,16,2008,2.489642920025505,0
ID,16,2009,2.578217281114078,0
ID,16,2010,1.9274183254419905,0
ID,16,2011,1.1462683613539941,0
ID,16,2012,3.454601651555837,0
ID,16,2013,3.4452962782767056,0.010706638115631691
ID,16,2014,2.376061957681194,0
ID,16,2015,4.5783424045126795,0
ID,16,2016,3.0312743243917124,0
ID,16,2017,4.039695173007251,0
ID,16,2018,2.7341176966639607,0
ID,16,2019,1.4897962180770459,0
ID,16,2020,2.5470543135031427,0
IL,17,1982,6.639181042163356,0.08987995621260889
IL,17,1983,10.523339937982016,1.4321206609360395
IL,17,1984,7.589355383926172,0.33927375245033237
IL,17,1985,6.807297807684536,0.039741628102988175
IL,17,1986,9.473751978051762,0.06632854110042513
IL,17,1987,8.96730071769166,0.7763282228179045
IL,17,1988,3.067787253102452,1.280491746919971
IL,17,1989,8.525263095570336,0.15981592731123834
IL,17,1990,7.438366399827235,0.3081398257528952
IL,17,1991,7.848349236564481,-0.012556537576860396
IL,17,1992,5.371980933745098,0.07237356621480709
IL,17,1993,9.636054602947617,0.015924650729060456
IL,17,1994,3.1426088503134437,0.00444258706275364
IL,17,1995,5.77896436822364,0.8007279138089984
IL,17,1996,4.77634897687412,0.0025138231570380667
IL,17,1997,5.017509838684379,0.13769990500230533
IL,17,1998,7.531020358342879,0.6715562549442174
IL,17,1999,5.7523653676511515,0.5553305662595442
IL,17,2000,9.051262526179288,0.31794716004399465
IL,17,2001,6.963165694502514,1.3283635718457725
IL,17,2002,9.339609177054928,0.32692282131827954
IL,17,2003,3.9057962532456987,0.13057194032478442
IL,17,2004,5.940439932173143,0.4607757906000515
IL,17,2005,11.36482018987703,1.5993186895324236
IL,17,2006,7.655689285404961,0.3803302552544874
IL,17,2007,7.898884068198743,0.14367230971424022
IL,17,2008,7.237622513969968,0.05167262723892818
IL,17,2009,3.7986685328871372,-0.0019440640216275337
IL,17,2010,10.83355113427956,1.9204420359819936
IL,17,2011,10.101656031065101,1.7558632494378874
IL,17,2012,9.84956503933602,0.23451898311709896
IL,17,2013,6.90160348969099,0
IL,17,2014,7.422163891182787,0.29725461122314145
IL,17,2015,8.777415569326372,0.5196303941689903
IL,17,2016,14.481162864732141,0.42630462812364467
IL,17,2017,7.9717533055597425,0.6579225206837529
IL,17,2018,11.178330499733956,0.13862486756316383
IL,17,2019,9.096020153804787,-0.11017328163627482
IL,17,2020,6.648640327024616,0.06652055742884794
IN,18,1982,0.969909469871892,0.09772680360309338
IN,18,1983,0.7729583623595744,0.3007646006390927
IN,18,1984,0.9722988966228296,0.0026133003232239873
IN,18,1985,0.7564954580513401,0
IN,18,1986,1.8840476024367359,0
IN,18,1987,1.3880863630258808,0.1767533459129701
IN,18,1988,0.40844633203946756,0.0672855419764875
IN,18,1989,0.25030129750825125,-0.010938842991173446
IN,18,1990,0.5405260076815992,0.2839225844325214
IN,18,1991,1.2026548522281963,0.12692845517273
IN,18,1992,0.7864414380381843,0
IN,18,1993,1.2943939388701402,0.018934965499850995
IN,18,1994,0.5033372592165861,0
IN,18,1995,0.05200532292109372,0.05903855599425567
IN,18,1996,0.5562609320582581,0
IN,18,1997,0.6701635873501992,0.02014706334108496
IN,18,1998,1.1707928751090861,0.12429637748274962
IN,18,1999,0.5123015607127215,-0.017686232632049714
IN,18,2000,1.1162696460104176,-0.028806968958221532
IN,18,2001,0.7983928517050565,0.05978165347154346
IN,18,2002,1.0788588524091338,0.08325883135043441
IN,18,2003,0.8345265236040493,0.21729362950736997
IN,18,2004,1.044098875952372,0.13259060587304863
IN,18,2005,0.8836004447204218,0.2295166302708742
IN,18,2006,0.9319649179917118,-0.012829827008637884
IN,18,2007,-0.057334386677752036,0.15967017754127616
IN,18,2008,1.5498771420579827,0
IN,18,2009,0.6564246240202234,0
IN,18,2010,0.9943625761743462,0.8377964592857354
IN,18,2011,0.7433175325772687,0.7385449596283922
IN,18,2012,1.702576369830016,0.26728165997343867
IN,18,2013,0.6536946184108228,0
IN,18,2014,0.7267003465844084,0.024972395546824924
IN,18,2015,0.26821378843713894,0.0498083278207828
IN,18,2016,1.2265599915898058,5.272448020539624e-4
IN,18,2017,0.6849451312928228,0.12326400969186495
IN,18,2018,0.7266709014990873,0.027333272602169504
IN,18,2019,1.3836769859889557,-0.026002304836978553
IN,18,2020,1.500160055496222,0.02065438924316024
KS,20,1982,-0.38663600518490426,0.03933053879734605
KS,20,1983,0.5876110604629687,0.22628359627186523
KS,20,1984,1.4417132375162467,0.11666615959921117
KS,20,1985,1.0084181145815378,0.10763578925027634
KS,20,1986,0.419203045134914,0.17053136052276552
KS,20,1987,0.7032334279012318,-0.0028048108208892563
KS,20,1988,0.25950883492669163,0.15343889780850628
KS,20,1989,1.133112424459373,0.004247671949027937
KS,20,1990,2.3688109253309904,-0.007331609729298302
KS,20,1991,3.220715308803257,0.010074606545771388
KS,20,1992,0.662793260762637,0
KS,20,1993,1.5681415941165682,0.17061713168910334
KS,20,1994,2.3111323803055193,0
KS,20,1995,2.577241371581451,0.8488872670859104
KS,20,1996,1.518276302700201,0.3677772275257589
KS,20,1997,1.1733697136689045,0.3163207688652575
KS,20,1998,1.128373024075529,0.9399287997868957
KS,20,1999,1.0566226226559436,1.2737333913900164
KS,20,2000,1.6099020713338419,0.9415855408657513
KS,20,2001,2.7491241505448585,2.4933515780667923
KS,20,2002,2.638032915730882,1.4615460663735729
KS,20,2003,0.7500166688990717,1.2607032886093645
KS,20,2004,3.17088059924248,0.5050897035582935
KS,20,2005,2.1135965948136004,0.09123323808816564
KS,20,2006,1.975490697021364,-0.0012081275441262473
KS,20,2007,1.006904204487718,-0.18775422132576405
KS,20,2008,-0.2448011913161139,-0.04909750075590802
KS,20,2009,1.2458743635372294,0.0719124027589309
KS,20,2010,1.0949225077015896,1.9414758430214065
KS,20,2011,1.3262359077686625,0.8889436770444035
KS,20,2012,0.7781504179227241,0.30020767277166416
KS,20,2013,1.6286899761359876,0.1127825147487842
KS,20,2014,2.1887602294002733,0.31724230560005706
KS,20,2015,1.8722777639963653,0.07662706385920015
KS,20,2016,2.9954873699853692,0.2028534197221234
KS,20,2017,4.028269975175576,0.44660178112778137
KS,20,2018,4.533442602669439,0.31665916530813365
KS,20,2019,2.7303969666801535,0.7943176290189069
KS,20,2020,2.85842329479604,0.12011933813380515
KY,21,1982,0.019741485764711797,0.012777819940407605
KY,21,1983,0.5173500338565873,-0.08938022016378877
KY,21,1984,0.35453466457823524,0.0012317904092759221
KY,21,1985,0.23405920107043343,0
KY,21,1986,0.9654435663511656,0.06526819666984457
KY,21,1987,0.8009311781838662,0.05867141915190255
KY,21,1988,0.30691345650885893,0.12219948706178907
KY,21,1989,-0.16823280395821527,-0.018538250766752577
KY,21,1990,-0.11431149196386059,0.010419468807346295
KY,21,1991,-0.31129976719685004,0
KY,21,1992,0.2746661765888483,0.032350019774757016
KY,21,1993,0.4608384047265446,0.021851118477804063
KY,21,1994,0.6049757261124533,0
KY,21,1995,0.8003197842943521,0.17098082947007998
KY,21,1996,0.057476310389525054,0
KY,21,1997,0.40629928663267734,-0.01421651460723794
KY,21,1998,0.5288617293732223,0.08390555793282006
KY,21,1999,1.1937747729433354,0.1725923784584924
KY,21,2000,0.8960019680535041,0.013498007719069144
KY,21,2001,0.12950532002195203,0.058434559162205954
KY,21,2002,-0.0016754189309722278,0
KY,21,2003,0.10634686252059211,0.035967858518420395
KY,21,2004,0.09494615630410408,0.046414984651290264
KY,21,2005,0.5059211098440031,0.17005841922844522
KY,21,2006,-0.8254066571711647,0.033863742757830356
KY,21,2007,-0.03179906927099552,0.058269702559485076
KY,21,2008,-0.7806913758348824,0
KY,21,2009,-0.5465156552793022,0
KY,21,2010,-1.068875848943307,-0.06004460198897932
KY,21,2011,-1.2294711551272712,-0.13941409771098145
KY,21,2012,0.34161774543565926,-0.11597827121280924
KY,21,2013,-0.47916618907256847,0.01404878924571916
KY,21,2014,-0.5311228323811772,0.03206568005686529
KY,21,2015,0.43738210979990555,0.09339740483777353
KY,21,2016,-0.43276644659268015,0.032966823688861516
KY,21,2017,-0.6060174111702015,0.008651819316086634
KY,21,2018,-0.5168882814233484,0.039404442330362235
KY,21,2019,-0.37802792553625864,0.03463518646169464
KY,21,2020,0.667758851189177,0
LA,22,1982,-1.658091517408721,0.2990307720111877
LA,22,1983,-0.34981932280607,1.2351948109003001
LA,22,1984,2.3900071749961427,0.07517278648733397
LA,22,1985,2.52179256077396,0.7398853950161013
LA,22,1986,-0.31178955654284835,-0.1713631948322245
LA,22,1987,0.9953808801218287,1.0598510065340931
LA,22,1988,1.5977952426072193,0.14818920320791595
LA,22,1989,-0.5181397734511393,0.2959259795791146
LA,22,1990,-0.2820106958899373,0.9473405434190865
LA,22,1991,-0.18504444627834005,0.002184829530437847
LA,22,1992,-0.6768714722864217,0.05657669700256858
LA,22,1993,-2.464689417394453,0.9272388536976583
LA,22,1994,-0.9118807005505261,0.16791472116994097
LA,22,1995,-0.20148985949809628,0.46039560588244655
LA,22,1996,-3.9626693515862854,0.41885970028796615
LA,22,1997,-1.3558965173828739,0.4465267132607069
LA,22,1998,1.1984031739553132,4.655869922153478
LA,22,1999,1.008721026739991,0.7022765834788327
LA,22,2000,-0.17652091082064203,0.7966637869616324
LA,22,2001,-2.1754100913837107,0.5017753672960026
LA,22,2002,-2.1410614116276037,0.15395629739969197
LA,22,2003,-1.4571035139543511,0.32574002464071783
LA,22,2004,-4.4413657359433785,0.38920705425009733
LA,22,2005,-0.2100205768822434,0.6674998187831369
LA,22,2006,1.6053701885617642,0.48362060072825097
LA,22,2007,-0.3696721194926482,-0.5342170990456276
LA,22,2008,-0.3683639556251137,0.3223783519727137
LA,22,2009,-3.622304561023711,-0.15435189367119806
LA,22,2010,1.5675539055184515,1.4242520849934497
LA,22,2011,2.186337409959691,2.0292321081363065
LA,22,2012,-1.1971021727203066,0.9523147102978916
LA,22,2013,0.5315671719033901,0.04981596844663951
LA,22,2014,0.42278596337163776,9.690776143071095e-4
LA,22,2015,2.119006462095868,0.8475736123134214
LA,22,2016,1.6085657608894053,1.4645022282796791
LA,22,2017,-1.7974354616136452,0.21973248472003443
LA,22,2018,-1.9714524927613724,0.15428268318839244
LA,22,2019,-2.5335654395793057,1.0703994938050099
LA,22,2020,-0.7814329069305899,0.4447220385608226
MA,25,1982,0.2632232704752573,0
MA,25,1983,3.2115433411549024,0
MA,25,1984,1.424344863550374,0
MA,25,1985,0.48308046170073227,0
MA,25,1986,0.542910772154402,0
MA,25,1987,1.6295866109331767,0
MA,25,1988,0.879600207796905,0
MA,25,1989,1.6762826620159297,0
MA,25,1990,1.1690569329435694,0
MA,25,1991,1.3096710791680666,0
MA,25,1992,0.4975698869201546,0
MA,25,1993,0.9650459003711775,0
MA,25,1994,1.0814098059587227,0
MA,25,1995,1.33530642569424,0
MA,25,1996,0.1940095622011812,0
MA,25,1997,1.501183755033444,0
MA,25,1998,1.4448506919319648,0
MA,25,1999,1.8921848977086952,0.1291365894815787
MA,25,2000,0.5445061721529112,0
MA,25,2001,1.6572381069174416,0
MA,25,2002,2.204330130397002,0
MA,25,2003,1.0172282119964362,0
MA,25,2004,0.5314207177603243,0
MA,25,2005,1.6232563382696723,0
MA,25,2006,0.7522002996318697,0.05156088872222743
MA,25,2007,1.0734681075042998,0
MA,25,2008,1.318312676862655,0
MA,25,2009,0.6354888966122743,0
MA,25,2010,2.166202015672858,0
MA,25,2011,0.676368472629123,0
MA,25,2012,0.8894440370901728,0
MA,25,2013,1.6185341973344887,0
MA,25,2014,0.9641068192967648,0
MA,25,2015,1.0815484455661557,0
MA,25,2016,0.6360096823644259,0
MA,25,2017,1.386411040469701,0
MA,25,2018,2.287772757838713,0
MA,25,2019,0.18664353193694794,0.05081091215899503
MA,25,2020,1.4789848625573487,0
MD,24,1982,0.38308745861013627,0
MD,24,1983,-1.027385785194813,0.11864583841935888
MD,24,1984,0.048493117124817076,0.11978025827925548
MD,24,1985,-0.6448716193053361,0.08575947348939042
MD,24,1986,0.8739256140530784,0.01085008634453097
MD,24,1987,-0.7416578053438947,0.224534725889357
MD,24,1988,-0.03331252975670651,0.06315374745334656
MD,24,1989,-0.6565297581045115,-0.019309449590230857
MD,24,1990,0.47282902678446703,-0.6512139469134973
MD,24,1991,-0.6907759007659067,0.2075410329785058
MD,24,1992,0.21900262741771215,0
MD,24,1993,0.48849062381211894,0.6576878457312908
MD,24,1994,-1.1106211449721357,0.16845459703971571
MD,24,1995,-0.07765131292154948,0.17748293905040025
MD,24,1996,1.343092316591413,0
MD,24,1997,0.10742199352443649,-0.0138529727028763
MD,24,1998,0.8998349964137233,0
MD,24,1999,1.1127690468424696,0.2143353412041089
MD,24,2000,1.2086803499304395,0.10615489883027597
MD,24,2001,-0.3225697780024497,-0.002795827421765037
MD,24,2002,0.14874344102574355,0.0016440160617998611
MD,24,2003,1.0882767025828741,0
MD,24,2004,-0.08528816431375219,0
MD,24,2005,1.081520867744679,0.09039330189733516
MD,24,2006,-0.7945750413911092,-0.008483922171372477
MD,24,2007,-0.08824382994847824,0.15542568699456988
MD,24,2008,-1.218479807838218,0.0021830504056563815
MD,24,2009,0.08256485991528084,0
MD,24,2010,0.8111005360448509,0.009330832175604098
MD,24,2011,1.1748590049989467,0.2692744085348845
MD,24,2012,-0.8206434864161771,0.34313035631837663
MD,24,2013,-0.5923703301123204,0.027011175914763284
MD,24,2014,-1.6436387653228994,0
MD,24,2015,-1.1351467572135654,0
MD,24,2016,-2.498056958517033,-0.37499386019216285
MD,24,2017,-2.0877874426208543,0
MD,24,2018,0.09872650419123019,-0.06801458995337796
MD,24,2019,-1.5563308182647226,0.4077614854448005
MD,24,2020,0.13549438701758731,0.0021830504056563815
ME,23,1982,-0.06356373969581486,0
ME,23,1983,-0.010347105229192799,0
ME,23,1984,-0.05851382123324511,0
ME,23,1985,-0.03991604999128817,0
ME,23,1986,0.11178347772847336,0
ME,23,1987,0.2845946156739121,0
ME,23,1988,1.7536007341729283,0
ME,23,1989,1.0154425832473502,0
ME,23,1990,0.1617152466367713,0
ME,23,1991,0.17027077239719368,0
ME,23,1992,0,0
ME,23,1993,0.6615773810131866,0
ME,23,1994,0.0186864683442165,0
ME,23,1995,0.2483566894788689,0
ME,23,1996,0,0
ME,23,1997,0,0
ME,23,1998,0.14573991031390135,0
ME,23,1999,0.7120469701851253,0
ME,23,2000,0.49243273542600896,0
ME,23,2001,0.1881913535380204,0
ME,23,2002,-0.615619374982094,0
ME,23,2003,-0.10909037533787402,0
ME,23,2004,0.030177330090977506,0
ME,23,2005,0.1102506329357198,0
ME,23,2006,0.3943732517377949,0
ME,23,2007,0.0764970368660256,0
ME,23,2008,0.1905829596412556,0
ME,23,2009,0.35201793721973096,0
ME,23,2010,0.5289116970482133,0
ME,23,2011,0.5665237927304507,0
ME,23,2012,0.3750053361308823,0
ME,23,2013,1.0167509383800533,0
ME,23,2014,-0.15967074238865908,0
ME,23,2015,0.1905829596412556,0
ME,23,2016,0.06618135701386474,0
ME,23,2017,0.1146852823189327,0
ME,23,2018,1.038317113981262,0
ME,23,2019,0.6076487151853422,0
ME,23,2020,0.8509331416599464,0
MI,26,1982,-0.08115434673026423,0
MI,26,1983,0.7773195923615646,0.1829321608478154
MI,26,1984,0.5193809911662672,0.0026258261220735227
MI,26,1985,0.32989874891484394,0
MI,26,1986,-0.026817452879838832,0.1684644356791372
MI,26,1987,-1.6115891183320468,0.06848013425036859
MI,26,1988,-1.5305555171588985,-0.11844318416051003
MI,26,1989,-0.589538528147183,0.04304240324289775
MI,26,1990,-0.30141615766735086,-0.10207801452729054
MI,26,1991,-1.4527214936036952,0
MI,26,1992,-0.21727480042774228,0.005432862933745984
MI,26,1993,-1.2266071708066315,0.010865725867491969
MI,26,1994,-1.4466135179311959,0.003061241653070493
MI,26,1995,-1.730523829629984,-0.4443799567628921
MI,26,1996,-0.6875456967585176,0.020772711217264057
MI,26,1997,-0.6120558775492118,0.10324834051919074
MI,26,1998,-0.6767267675081738,0.017475989437034295
MI,26,1999,-1.1221288103586176,-0.15277315472642963
MI,26,2000,-0.027215796767845357,0
MI,26,2001,-1.6177245102883866,1.1711600681851841e-4
MI,26,2002,-1.1030788072605358,0
MI,26,2003,0.229618930817181,0
MI,26,2004,-0.45704289566359035,0
MI,26,2005,-1.110174568507433,0.004849203522770094
MI,26,2006,-0.5705733133650224,-0.11365158242107481
MI,26,2007,-0.8253740589630754,0
MI,26,2008,0.29399871287058943,0
MI,26,2009,-0.07669217680011053,0
MI,26,2010,-0.7020864217959062,0.0023716212806754915
MI,26,2011,-0.9743685468116485,0.10797330257146356
MI,26,2012,-1.5858594486115205,0.019072031685387243
MI,26,2013,-0.6347271113945414,0
MI,26,2014,-0.21382546844307182,0
MI,26,2015,-0.252452546378231,0
MI,26,2016,-0.7117672793818697,0
MI,26,2017,0.2050820790105119,0
MI,26,2018,-1.2357217160438,0
MI,26,2019,0.3086423054775471,-0.004198379104117363
MI,26,2020,-1.8696422793133047,0
MN,27,1982,-0.3808347153996623,0.002413826397605484
MN,27,1983,-1.206534060224989,0.1315921272970249
MN,27,1984,-0.757517081054996,0
MN,27,1985,0.012408941361564896,0
MN,27,1986,0.10337476383996691,0
MN,27,1987,-1.1487062860570934,-0.004223459373340111
MN,27,1988,-0.46667077747376595,-0.06932316939877192
MN,27,1989,-0.38863146668944903,0
MN,27,1990,-0.47564176621741616,0.2399383815657993
MN,27,1991,-0.5109848885475152,4.8276527952109686e-5
MN,27,1992,0.03615388381213158,0.065379170411786
MN,27,1993,-0.1128967969163246,0
MN,27,1994,0.4757133377181111,0
MN,27,1995,0.18275728573411065,-0.043678234691351125
MN,27,1996,-0.8216101669047364,-0.08095680395421356
MN,27,1997,-0.26313911129566137,0.004779376267258858
MN,27,1998,-0.3914939504370478,0
MN,27,1999,-0.06646116485278597,0.017858970246784955
MN,27,2000,-0.3412768965382891,0
MN,27,2001,-0.3165428831235957,0.21992125040868715
MN,27,2002,-0.6100708919945053,-0.018146130598595468
MN,27,2003,-0.008693909491448437,0.0021724437578449357
MN,27,2004,0.10666232212792925,0
MN,27,2005,0.6822675040187338,-0.02135545279096172
MN,27,2006,-0.10682044637383648,0.34121059641696644
MN,27,2007,-0.6652933483498078,0.0025103794535097034
MN,27,2008,-0.07404426037027967,0
MN,27,2009,-0.10827197976204128,0
MN,27,2010,-0.6373322137787323,-0.00574453917111092
MN,27,2011,-0.8505868928081863,-0.26340865390039436
MN,27,2012,-1.2787419411706846,0.16077342337410783
MN,27,2013,-0.30496284321105804,0
MN,27,2014,0.17651393320727826,0
MN,27,2015,-0.1337164392950947,0
MN,27,2016,-0.48863912751408733,0.0055518007144926135
MN,27,2017,0.016305671675794997,0
MN,27,2018,-1.0891013834953087,0
MN,27,2019,-0.19040174665133502,-0.0014689752459302596
MN,27,2020,-0.5511289428508528,0
MO,29,1982,-2.198031648475485,0.04364148717796934
MO,29,1983,-1.8139930995810474,-0.2534846166973592
MO,29,1984,-2.408021159565493,0.10744469355081132
MO,29,1985,-2.905830015233544,0.013506846580447329
MO,29,1986,-1.3284915997436784,0.1437094405645768
MO,29,1987,-4.1430041656374215,-0.6629951439910367
MO,29,1988,-0.36858004292297863,1.4741491135408566
MO,29,1989,-0.8379674240153534,0.004405368232718004
MO,29,1990,-2.169444443369933,-0.27462633200950337
MO,29,1991,-4.258882825777135,0.006796070202212896
MO,29,1992,-1.5983781315089658,0.013592140404425792
MO,29,1993,-2.7218358918514483,0.004918522875053455
MO,29,1994,-1.3848226942912696,0
MO,29,1995,-2.34614095508217,-0.5247812625832546
MO,29,1996,-2.798933821124841,0.03643296549463587
MO,29,1997,-2.039433491277258,0.16239571731579328
MO,29,1998,-2.352472964421004,0.15202481048382155
MO,29,1999,-0.4462127541880321,-0.04671779124884212
MO,29,2000,-1.99103059235145,0.015321815091021707
MO,29,2001,-1.4101727902032692,0.7615996459666667
MO,29,2002,-3.257800679939514,0.10987861595763626
MO,29,2003,-1.8291140427508168,-0.09916535895286505
MO,29,2004,-2.50095901069691,-0.2903720723738449
MO,29,2005,-1.5148629332715018,0.1314637424020646
MO,29,2006,-2.6308723215399823,-0.15437922947132465
MO,29,2007,-0.364125774648862,0.22918915629614411
MO,29,2008,-1.4196989911032993,-0.07844481984027851
MO,29,2009,-1.063530593061678,0.03158783276145187
MO,29,2010,-3.4903406786823084,0.189265690496204
MO,29,2011,-3.0400972189018987,-0.20063900246100852
MO,29,2012,-2.2522142084989696,0.07486364566652653
MO,29,2013,-1.3246604951080414,9.061426936283861e-4
MO,29,2014,-2.359382831941627,0.13503903997647126
MO,29,2015,-3.0776834973726572,-0.3703699552013595
MO,29,2016,-3.347591422452375,-0.06001806278190802
MO,29,2017,-1.3602419083828252,0.14818656217466653
MO,29,2018,-2.059748794677617,5.147866219526454e-4
MO,29,2019,-1.7803632878627624,0.33623713675737094
MO,29,2020,-2.6663454233246284,0.032946084429890776
MS,28,1982,3.6255950753044885,0.2935733897960188
MS,28,1983,1.6297641587534457,0.9390440171493037
MS,28,1984,1.4097426777098008,0.004139501190106592
MS,28,1985,2.6768610259256462,0.19566605712991997
MS,28,1986,2.624313907335946,1.4036485934420773
MS,28,1987,2.5879657472298874,1.1586998391405694
MS,28,1988,2.3453003301766984,1.3186624450972035
MS,28,1989,3.407480152221652,0.21335950775659634
MS,28,1990,4.0857988303126405,1.6264093595373221
MS,28,1991,3.8687647497754654,0.0012176366851952003
MS,28,1992,3.58886862018187,-0.03903091624592597
MS,28,1993,2.3748885022199886,2.2160722470697927
MS,28,1994,2.5737141828396304,0
MS,28,1995,1.5488843903151093,0.7272126100147371
MS,28,1996,1.7952484914348332,0.43260949138934035
MS,28,1997,2.8220933891087725,1.4237973803748685
MS,28,1998,2.7348122421549874,0.4365696157901464
MS,28,1999,2.6891075100238737,1.1471427061305643
MS,28,2000,3.001938349891816,0.7031526068259897
MS,28,2001,2.3255050335504137,0.7337604255692315
MS,28,2002,1.8115167122164166,0.3902106976896507
MS,28,2003,3.482021453554111,0.6342619146571764
MS,28,2004,0.7182867954537784,0.23829662639119925
MS,28,2005,0.8208064677361193,0.36233781533839693
MS,28,2006,0.11370806736924521,1.07127693674343
MS,28,2007,2.6914440458571534,0.3561758798972574
MS,28,2008,0.7687144409406557,0.3931602939669507
MS,28,2009,3.3427475401637707,0.427846132147159
MS,28,2010,2.977105206534958,3.327311435880798
MS,28,2011,0.8973737480653767,0.5596175702255843
MS,28,2012,1.2196398272216982,0.4027447623705529
MS,28,2013,4.489913726317724,0.1738028533682944
MS,28,2014,2.236866930472573,0.04098106178205526
MS,28,2015,2.6175568999420875,1.886411382988158
MS,28,2016,1.0340346634842632,1.2076480406662693
MS,28,2017,3.861630913355313,0.13321147861377608
MS,28,2018,0.002104084383375948,-0.01097226301840637
MS,28,2019,-0.46548881732844904,0.5011255918306285
MS,28,2020,0.9394464350315417,0.8560558089517072
MT,30,1982,0.7255697074800889,0
MT,30,1983,0.7494300551237734,0
MT,30,1984,1.275859985241182,0
MT,30,1985,0.570442598367852,0.01843395907322848
MT,30,1986,0.08757157021275602,0
MT,30,1987,0.6571277887304549,0
MT,30,1988,1.1981634183965757,0.197869101978691
MT,30,1989,0.7726932093875483,0
MT,30,1990,1.2329960240940414,0
MT,30,1991,0.6431749221254139,0
MT,30,1992,0.6193658486001368,0
MT,30,1993,0.08489768307119905,0
MT,30,1994,1.5063585899548255,0
MT,30,1995,0.4317191853082267,0.05141214273634365
MT,30,1996,1.1034330451637162,0
MT,30,1997,0.260481438039509,0
MT,30,1998,1.0667933101913005,0
MT,30,1999,0.787964845715227,0.01843395907322848
MT,30,2000,1.9935752364586494,0
MT,30,2001,0.41288646538146057,0
MT,30,2002,1.4650537201448648,0.014375105699306612
MT,30,2003,2.542667057186888,0
MT,30,2004,0.6134040805797039,0
MT,30,2005,0.9525999777241337,0
MT,30,2006,1.1506035668324543,0
MT,30,2007,3.1438622077510643,0
MT,30,2008,0.8432935897142216,0
MT,30,2009,0.40533962818558567,0
MT,30,2010,0.619336042338932,0
MT,30,2011,0.8246915455016784,0
MT,30,2012,1.2015207471339284,0
MT,30,2013,1.116371930810385,0
MT,30,2014,0.5520032983072888,0
MT,30,2015,0.9215517453679994,0
MT,30,2016,0.44072386098329336,0
MT,30,2017,1.105231155517097,0
MT,30,2018,0.7926296634047341,0
MT,30,2019,0.30014603212168084,0
MT,30,2020,0.6875704759698523,0
NC,37,1982,4.522475686552795,0
NC,37,1983,3.8296572470448,0.878416243632187
NC,37,1984,5.939593571022588,0.013414496674557547
NC,37,1985,3.676464976399167,0
NC,37,1986,5.224951326702332,0.5555281140978556
NC,37,1987,5.355001818028413,0.4343778020355511
NC,37,1988,4.72252899223723,0.7113293273778993
NC,37,1989,6.130354853626869,0.160371493595782
NC,37,1990,4.740461905196057,0.29243567121669833
NC,37,1991,6.188635852716324,0.21483373297510883
NC,37,1992,3.570468762880566,0.12423547751062974
NC,37,1993,3.479947455768894,0.2810330704102886
NC,37,1994,5.493563572131432,0
NC,37,1995,2.910170862425751,0.23019665921740093
NC,37,1996,4.511234579804185,0.04554798999987089
NC,37,1997,2.956323941290851,0.06517357429831766
NC,37,1998,4.803834075790903,0.1934860319690726
NC,37,1999,3.388154975299493,1.0175075886089724
NC,37,2000,5.381943257275108,0.19263932995260785
NC,37,2001,4.984232033611427,0.4095629219646752
NC,37,2002,6.059720961951214,0.2830130557338123
NC,37,2003,6.424628617206366,0.16672749220308652
NC,37,2004,5.34762599433952,0.19011838628232414
NC,37,2005,6.597704828568851,1.1757880785310597
NC,37,2006,3.179564550638055,0.4714836868530651
NC,37,2007,3.4838366946152135,0.6708698266697686
NC,37,2008,3.5348046433399176,0.161890507175346
NC,37,2009,4.0891552297596085,0.19784912957865916
NC,37,2010,5.041092002723609,1.2072765677075377
NC,37,2011,1.9537764886926752,0.5920946396693207
NC,37,2012,2.6880591154151503,0.666787145706046
NC,37,2013,4.230438928631592,0.01196783526847781
NC,37,2014,3.0247918123537687,0
NC,37,2015,3.500234421091122,0.09044471436173152
NC,37,2016,2.1954179118964277,0.6428909947066014
NC,37,2017,4.248082120681069,0.29043680657612525
NC,37,2018,5.403726871446111,0.004696952617141998
NC,37,2019,3.7161994188563554,0.20885354250948499
NC,37,2020,4.404470792141524,0.5691188207373397
ND,38,1982,0.887949818416776,0
ND,38,1983,-1.2045528503800202,-0.038629216272773485
ND,38,1984,0.027423463376761603,0
ND,38,1985,0.8772066170999351,0
ND,38,1986,1.6349464282778894,0
ND,38,1987,2.6795690634593887,0
ND,38,1988,4.694078123908554,-0.08888344558701156
ND,38,1989,1.684810670012685,0
ND,38,1990,1.8911896091010183,0
ND,38,1991,2.2445513587659187,0
ND,38,1992,0.14887052931622902,0
ND,38,1993,0.2706868682684247,0
ND,38,1994,1.6519727871925816,0
ND,38,1995,1.494312372288178,-0.008988399824029266
ND,38,1996,2.035575488172196,0
ND,38,1997,2.586916205607491,0
ND,38,1998,2.3950144886419524,0
ND,38,1999,0.7166872417237613,-0.006787590180422932
ND,38,2000,2.2625888937268415,0
ND,38,2001,5.294536283149846,0.3019792648021218
ND,38,2002,1.616763338128889,0
ND,38,2003,3.380976944790861,0
ND,38,2004,0.8756456182410659,0
ND,38,2005,1.3504054549603994,0
ND,38,2006,4.658985999942242,-0.3776475848502788
ND,38,2007,1.598957128973888,0.6016298389955838
ND,38,2008,0.7539714334265992,0
ND,38,2009,1.1519668249917743,0
ND,38,2010,1.3328971545906585,0
ND,38,2011,1.118075844267942,0.7035722255338703
ND,38,2012,2.3639760777196352,0
ND,38,2013,1.397716710721359,0
ND,38,2014,0.4699398572882918,0
ND,38,2015,1.9990705033791016,-0.00580381900555499
ND,38,2016,2.4947033264811798,0.3341815068132361
ND,38,2017,1.6891730667705698,0
ND,38,2018,1.7519668658078373,0.005718129835183316
ND,38,2019,0.7554567928813444,0
ND,38,2020,3.4330905409438444,0
NE,31,1982,4.498050671927377,0.7177523727351165
NE,31,1983,6.795740686642681,1.7840061991230816
NE,31,1984,5.778615147936549,0
NE,31,1985,3.9259244063973178,0.001186367558239862
NE,31,1986,3.00215877838853,0.005284728213977567
NE,31,1987,3.5023803560237035,0.22273645865825664
NE,31,1988,5.384857412566944,0.439198213706089
NE,31,1989,3.7710978225680094,0.2964840379637619
NE,31,1990,6.203435034675998,0.030629853321829163
NE,31,1991,5.8796177226566115,0
NE,31,1992,2.5613704511244633,7.549611734253667e-4
NE,31,1993,4.546672680562448,0.3670185416080509
NE,31,1994,4.470294752984248,0
NE,31,1995,2.5698907248027183,0.8129399350985038
NE,31,1996,3.643605068561845,0.09706147154616446
NE,31,1997,5.367506069255654,0.5476909384202395
NE,31,1998,8.2385126884665425,0.967529241730008
NE,31,1999,4.593021705266658,1.790937159294244
NE,31,2000,6.842541639292307,0.30285110730894377
NE,31,2001,5.491258709136982,1.9642825576235636
NE,31,2002,6.758203671072607,-0.0011337528592094102
NE,31,2003,2.7358470150937677,0.48896172298817453
NE,31,2004,2.0800376080662044,0.22397697276775833
NE,31,2005,4.997905609173394,-0.13437861077074897
NE,31,2006,4.905915006049444,0.634220312747555
NE,31,2007,4.41616074577707,0.05885305920788965
NE,31,2008,3.4121923343283918,0.23817979759657323
NE,31,2009,3.228935769496937,-0.014647896212624197
NE,31,2010,5.113065695834862,1.7717172938775816
NE,31,2011,3.5526095688120876,1.5971660883802845
NE,31,2012,4.251521086964168,0.3741138164783322
NE,31,2013,2.425981206048906,0
NE,31,2014,4.131973619136593,0.24633735565086554
NE,31,2015,4.05354594448346,0.7536674204922225
NE,31,2016,3.740714182427329,0.04734257792788421
NE,31,2017,2.9667902620168505,0.3113209360334511
NE,31,2018,4.331934378487649,0.0010785159620362382
NE,31,2019,3.673820891433003,0.5930886469592624
NE,31,2020,1.6187967359440307,-0.4270699801704184
NH,33,1982,-0.040010987802247655,0
NH,33,1983,1.5146642954267628,0
NH,33,1984,0.23798858269216994,0
NH,33,1985,-0.10199927385759033,0
NH,33,1986,0.11018052187406657,0
NH,33,1987,0.05394092003816642,0
NH,33,1988,-1.268101304000231,0
NH,33,1989,0.9863221882691322,0
NH,33,1990,0.6407416685551665,0
NH,33,1991,-0.10167374366634974,0
NH,33,1992,0.4226267880364109,0
NH,33,1993,0.4848722190636412,0
NH,33,1994,0.7330348159702278,0
NH,33,1995,0.6471393884786449,0
NH,33,1996,0,0
NH,33,1997,0.6268123492185343,0
NH,33,1998,-0.2569939790975412,0
NH,33,1999,0.12018050414468551,0
NH,33,2000,-0.045098660118520484,0
NH,33,2001,-0.5716842434404281,0
NH,33,2002,-0.7400431822231059,0
NH,33,2003,0.5467106475168491,0
NH,33,2004,0.6184956054902719,0
NH,33,2005,1.1425224826554246,0
NH,33,2006,0.11261217406756607,0
NH,33,2007,0.12676299877265906,0
NH,33,2008,1.4891234274388145,0
NH,33,2009,0.11688786067049606,0
NH,33,2010,1.707295962840131,0
NH,33,2011,0.23583891554335334,0
NH,33,2012,-0.3118169950845542,0
NH,33,2013,0.22118808041352267,0
NH,33,2014,0.11378209432207576,0
NH,33,2015,1.6283657230156883,0
NH,33,2016,-0.1551071426049,0
NH,33,2017,0.40051954497345094,0
NH,33,2018,-0.7452445030001904,0
NH,33,2019,-0.7319705945450181,0
NH,33,2020,-0.18660598023090325,0
NJ,34,1982,1.6872519906352448,0
NJ,34,1983,3.083908119417778,0.00712682379349046
NJ,34,1984,2.1965219540618452,0
NJ,34,1985,2.6424813250868393,0
NJ,34,1986,2.7847900003929675,0.024158249158249157
NJ,34,1987,4.14403373168172,0.20415263748597082
NJ,34,1988,4.569701995086856,0.2731943688998813
NJ,34,1989,2.8049430634345978,0
NJ,34,1990,1.8235635372892682,0.28451381493046557
NJ,34,1991,3.9365647255452423,0.14363075196408528
NJ,34,1992,2.9513306357735543,0
NJ,34,1993,5.688246626993617,0.8739443100364319
NJ,34,1994,3.088816812441493,0.13490460157126824
NJ,34,1995,3.6548654647841694,0.21055074532938367
NJ,34,1996,1.8092689922405407,0
NJ,34,1997,3.0060469788076585,0.09494949494949495
NJ,34,1998,3.779167847959915,0
NJ,34,1999,2.59061114191989,0.4750302356622458
NJ,34,2000,3.6977828248795293,0
NJ,34,2001,3.144277598332568,1.0771748752542045
NJ,34,2002,3.095026265131878,0
NJ,34,2003,4.238170700767061,0
NJ,34,2004,1.3203729916582434,0
NJ,34,2005,2.604717395643547,0.024074074074074074
NJ,34,2006,2.3667195384988364,0.4750664083617573
NJ,34,2007,2.796625694976555,0
NJ,34,2008,2.4852013433296314,0
NJ,34,2009,1.0851692043247176,0
NJ,34,2010,4.353595978807061,0.19107048758081246
NJ,34,2011,4.243980655229022,0.12871749158740875
NJ,34,2012,3.5535134077246973,0
NJ,34,2013,2.8369767471489222,0.14316756817722914
NJ,34,2014,2.768519141054842,0
NJ,34,2015,3.146703264040408,0
NJ,34,2016,4.634345402201387,0.3690528550037252
NJ,34,2017,3.433575665771757,0
NJ,34,2018,3.1257906308173524,-0.08815410783419257
NJ,34,2019,4.0389683725782355,0.19212382740397183
NJ,34,2020,3.207744167235333,0
NM,35,1982,7.93735063043804,0
NM,35,1983,7.720402550358466,0
NM,35,1984,4.00891002859708,0
NM,35,1985,6.885728014560719,0
NM,35,1986,5.005914356548166,0
NM,35,1987,5.50814604449662,0
NM,35,1988,3.956532407472223,0
NM,35,1989,8.368247869420243,0
NM,35,1990,4.978357845250805,0
NM,35,1991,3.3802399284699622,0
NM,35,1992,5.394758327538247,0
NM,35,1993,7.252217247435713,0
NM,35,1994,11.470096929989776,0
NM,35,1995,6.744660075126237,0
NM,35,1996,9.440235174418786,0
NM,35,1997,7.915597250034453,0
NM,35,1998,10.744137414493688,0
NM,35,1999,7.28402451679121,0
NM,35,2000,12.87618953557483,0
NM,35,2001,9.280375091135884,0
NM,35,2002,10.511800271585013,0
NM,35,2003,13.458405907651969,0
NM,35,2004,5.93498493502127,0
NM,35,2005,9.918122267736134,0
NM,35,2006,8.398384736683724,0
NM,35,2007,7.858064663214834,0
NM,35,2008,6.2682103268682425,0
NM,35,2009,10.566062176654945,0
NM,35,2010,11.357894393252348,0
NM,35,2011,16.840611976939364,0
NM,35,2012,7.872479256308634,0
NM,35,2013,8.246214376124886,0
NM,35,2014,5.839671687199398,0
NM,35,2015,6.665430130285377,0
NM,35,2016,11.55041944621107,0
NM,35,2017,6.457313961391187,0
NM,35,2018,9.170393506991651,0
NM,35,2019,10.19362475001438,0
NM,35,2020,11.222544423866585,0
NV,32,1982,10.379796155033922,0
NV,32,1983,14.427121079683278,0.06881322125658926
NV,32,1984,13.693848803084677,0.0502920643966377
NV,32,1985,9.348300170666516,0.4194804578050055
NV,32,1986,13.799654975483946,0.04706273448259486
NV,32,1987,13.12415036412521,0
NV,32,1988,9.471051751407323,0.4390463978724415
NV,32,1989,10.644780661008777,1.5813268746735052
NV,32,1990,7.110488046145733,0.5278529705086195
NV,32,1991,8.81805075557687,0.27663009925440474
NV,32,1992,10.427451566920467,0.21142612907821626
NV,32,1993,13.655622111705263,0.13976349907394214
NV,32,1994,6.903476096129609,0.8171629386902218
NV,32,1995,7.9537724076524725,0.7718573396020326
NV,32,1996,5.600001516941823,1.7670608348767631
NV,32,1997,12.072528023597172,0.2570641591869687
NV,32,1998,7.2820645557471195,0.8884456475281379
NV,32,1999,11.633591027121163,0.1579522249133305
NV,32,2000,9.216790134483539,1.9625777651137388
NV,32,2001,16.830900522254737,2.3083060264995012
NV,32,2002,3.802877885178667,4.251982713586931
NV,32,2003,9.891423577574386,3.2779598233366576
NV,32,2004,10.470243670532085,0.48382960535688846
NV,32,2005,9.622230160582102,0.46008453245951464
NV,32,2006,5.514309578667259,0.7237498219119533
NV,32,2007,4.325773119508817,0
NV,32,2008,8.581446498610973,0
NV,32,2009,7.711671794725991,0.18217219926865175
NV,32,2010,0.2996427388610243,0.4180082632853683
NV,32,2011,5.058849257060626,0
NV,32,2012,7.606945562061295,0
NV,32,2013,7.943338985654552,0.023887543334758038
NV,32,2014,12.842425682920922,0
NV,32,2015,8.321811745236246,0.09108609963432587
NV,32,2016,1.9263624198765896,0.23246426366528944
NV,32,2017,4.078141817081523,0
NV,32,2018,6.442466300360238,0.7613145272355986
NV,32,2019,2.6189175153177437,0
NV,32,2020,4.6180132442909,0.27325829890297765
NY,36,1982,-1.3295581941204904,0
NY,36,1983,-4.51040345855237,0
NY,36,1984,-3.6174560356885173,0
NY,36,1985,-1.2321339535454463,0
NY,36,1986,-0.2138828956408736,0
NY,36,1987,-2.190971884242165,0
NY,36,1988,0.6162087136984855,0.0960316805544097
NY,36,1989,-2.2002878080255552,0
NY,36,1990,-2.2351572249099836,0
NY,36,1991,-2.380993463812546,0
NY,36,1992,-0.899353463868628,0
NY,36,1993,-2.299649156635886,0.018779834768865272
NY,36,1994,-2.2374521393873312,3.3000577510106425e-4
NY,36,1995,-3.980924405482571,-0.3734219427459654
NY,36,1996,-0.7111667953517532,0
NY,36,1997,-2.160577373826073,0
NY,36,1998,-1.8472160963653603,0
NY,36,1999,-3.505689822162509,-0.4832227488816453
NY,36,2000,-0.8778503775737369,0
NY,36,2001,-0.8681352544100038,-0.023196945509608265
NY,36,2002,-4.133125532612386,0
NY,36,2003,-1.9198237224508468,0
NY,36,2004,-1.3689971736765527,0
NY,36,2005,-0.8083553777386197,0
NY,36,2006,-0.7207289527519336,-0.34734991897405787
NY,36,2007,0.6782399303026003,0
NY,36,2008,-0.5422753152033293,0
NY,36,2009,-0.025566578365701753,0
NY,36,2010,-2.6982020247253278,0
NY,36,2011,-0.9362975373338784,-0.4536218923217623
NY,36,2012,-1.786399494242601,0
NY,36,2013,-1.4093205835369842,-0.02370806970737955
NY,36,2014,-0.1467253746787509,0
NY,36,2015,-1.3869585485729239,0
NY,36,2016,-3.7268840662971314,-0.0735765760111424
NY,36,2017,-1.433823061189621,0
NY,36,2018,-3.7691261033234387,0
NY,36,2019,-3.9740428232736535,-0.24025539861650178
NY,36,2020,-2.341741045548045,0
OH,39,1982,0.43547925954862166,0
OH,39,1983,2.5291274863963196,-0.03437816667268362
OH,39,1984,1.4862019334638816,0
OH,39,1985,0.2513312236998386,0
OH,39,1986,1.140450696861837,2.4222044910520915e-4
OH,39,1987,1.2523438933337587,0.005150956815909312
OH,39,1988,0.047520976283919936,0.2178652467411506
OH,39,1989,0.90196030393051,0.001795280975720962
OH,39,1990,0.5173310550102723,-0.02604696129883986
OH,39,1991,0.7703082372881767,0
OH,39,1992,0.16938272368502094,0
OH,39,1993,1.8177824551449717,0
OH,39,1994,0.26960176181411377,0
OH,39,1995,0.9448901419268054,0.22162140863929003
OH,39,1996,1.1755513296964377,0
OH,39,1997,0.7521683449009284,0.09073715959597495
OH,39,1998,1.6578804338724833,0.08326684144534367
OH,39,1999,1.7701257689772838,0.4033818485366003
OH,39,2000,0.7841995472228507,0
OH,39,2001,0.8260997653621285,0
OH,39,2002,2.1991344047575403,0
OH,39,2003,0.5808367114444728,0
OH,39,2004,1.3502089036443303,0
OH,39,2005,1.3043201699504294,0.0934313733512496
OH,39,2006,0.7856281906020861,0.016841445343668073
OH,39,2007,2.1637234974299435,0.08682890687336145
OH,39,2008,1.114834122623643,0
OH,39,2009,0.15040364256488337,0
OH,39,2010,0.5083269498668059,0.046085528392668315
OH,39,2011,0.5443615914917785,0.09624130235544454
OH,39,2012,1.2974594870506913,0.1320672859132765
OH,39,2013,-0.4052665011124805,0
OH,39,2014,0.17105810534354493,0
OH,39,2015,0.5295600722211384,0
OH,39,2016,0.10303134365770639,0
OH,39,2017,0.4107070673188802,0
OH,39,2018,0.5537599276503151,0.026387780690755726
OH,39,2019,1.5973832016538072,0.006853413883506213
OH,39,2020,0.6550008144950699,0
OK,40,1982,-0.33380852471306355,0.008632381538162204
OK,40,1983,-0.8371479546693195,-1.245928211041178
OK,40,1984,0.6958124842323699,0.032925274547741856
OK,40,1985,0.9489917335782962,0.40660562522023275
OK,40,1986,1.51211075844504,0.008975625249574959
OK,40,1987,-0.27326465283400125,0.4660876522236599
OK,40,1988,-0.04133838671247503,0.08611180717018513
OK,40,1989,0.5465725009465672,-0.15632492950413734
OK,40,1990,0.3247365679630434,0.18310372099497196
OK,40,1991,-1.6070700743574946,-0.002476507192704003
OK,40,1992,1.368401957759886,0.11543141184492886
OK,40,1993,0.5293664777335891,-0.14935741566226057
OK,40,1994,1.3139987817885554,0.23973419649600947
OK,40,1995,-0.4648185314218338,-0.26149235282463745
OK,40,1996,1.9366878228533295,0.26915314485660025
OK,40,1997,1.5969326769987617,0.16611051177413372
OK,40,1998,0.222313109089896,-0.07248790567723784
OK,40,1999,1.1642116268117917,-0.8681935008805013
OK,40,2000,2.746085709931407,-0.7449334088261326
OK,40,2001,1.8758623985554692,-0.7725510626269143
OK,40,2002,0.8814929284692425,-0.08810090222664985
OK,40,2003,0.8025606633999232,0.45940180768308125
OK,40,2004,2.66131290264304,0.1289124153372584
OK,40,2005,0.19420809853309606,0.1458068948359298
OK,40,2006,2.2500492098892906,0.39724068752129593
OK,40,2007,-0.9794229112704329,0.10999893217291304
OK,40,2008,2.4444673797004484,0.05710617164426078
OK,40,2009,3.251340126489467,0.3293622518654098
OK,40,2010,0.7689011750251638,-0.34838632857946195
OK,40,2011,1.751425409917772,-0.44539147638664467
OK,40,2012,1.4332817082702718,-0.2994467633957032
OK,40,2013,0.6006485469910174,-0.1443058533341406
OK,40,2014,2.4836955516320103,0.30011806034149885
OK,40,2015,0.5359609336089335,-0.6639424848815949
OK,40,2016,-0.5389300909944268,0.03602178459267513
OK,40,2017,0.6489797950377252,0.11994253181605141
OK,40,2018,2.2690369217771575,-0.5274031551402669
OK,40,2019,1.4701229347468825,0.2632027164886086
OK,40,2020,1.763342645065734,0.20087090106982286
OR,41,1982,3.2514135813292033,0
OR,41,1983,1.9666377892624234,0
OR,41,1984,3.3408429617138364,0
OR,41,1985,5.146557568967212,0
OR,41,1986,3.9282083847777733,0.006011656188334633
OR,41,1987,4.489480799085687,0
OR,41,1988,4.484938291154185,0
OR,41,1989,1.2343283962091258,0
OR,41,1990,9.058127218110693,0.10508925703271993
OR,41,1991,4.566830850854275,0.012023312376669266
OR,41,1992,7.198057573071134,0.006011656188334633
OR,41,1993,1.3681879601540066,0
OR,41,1994,5.332337052019396,0.006011656188334633
OR,41,1995,2.5397409791300745,0
OR,41,1996,7.718678182542839,0
OR,41,1997,2.5095836337588415,0
OR,41,1998,8.986273396262014,0.163691432242669
OR,41,1999,2.715434963304684,0
OR,41,2000,3.180533684042622,0
OR,41,2001,4.2892909831086445,0
OR,41,2002,4.404471380341331,0.08714606947822495
OR,41,2003,7.7139422414650705,0
OR,41,2004,6.595357117588723,0
OR,41,2005,4.693452704796492,0
OR,41,2006,5.5438676328827565,0.15767977605433436
OR,41,2007,4.421585292891354,0
OR,41,2008,2.387461989084677,0
OR,41,2009,4.411420583220149,0
OR,41,2010,3.0135935370537568,0
OR,41,2011,0.3020513055848745,0
OR,41,2012,5.058453883932374,0
OR,41,2013,5.026656715918562,0.07883988802716718
OR,41,2014,6.156292317607039,0
OR,41,2015,9.939384440643972,0
OR,41,2016,5.21329550903294,0
OR,41,2017,8.177003459147947,0
OR,41,2018,6.567892112342406,0
OR,41,2019,1.9755739978951907,0
OR,41,2020,5.174129933539613,0
PA,42,1982,-1.3199331861788592,0
PA,42,1983,-3.4472525251043145,0
PA,42,1984,-0.6984011219113606,0
PA,42,1985,-2.1622024432219473,0
PA,42,1986,-1.667347525562361,0
PA,42,1987,-3.971602301338759,0.05920355494787216
PA,42,1988,-4.304785363928104,-0.13926854379801873
PA,42,1989,-2.9657857478795355,0
PA,42,1990,-1.5290542158138258,-0.06920747061161849
PA,42,1991,-3.151872993873477,0.07008488577451148
PA,42,1992,-1.0697072358030346,0
PA,42,1993,-3.127103105121435,0.025363185780208512
PA,42,1994,-3.0679922043599497,0.015666837577622057
PA,42,1995,-2.935692412966878,-0.16466021494883654
PA,42,1996,-0.7350171043086084,0
PA,42,1997,-2.0858492400825677,0.13588560360052412
PA,42,1998,-1.5131514506833863,0
PA,42,1999,-3.5553810079044936,0.056774067967944805
PA,42,2000,-1.0971410598866518,0
PA,42,2001,-1.3238403843985411,-0.13488000472985517
PA,42,2002,-3.923902817261247,0.011359881501737595
PA,42,2003,-1.8682881427923652,0
PA,42,2004,-0.7605648233012738,0
PA,42,2005,-2.520861400567469,0
PA,42,2006,-2.5931014718621066,-0.08891338844637259
PA,42,2007,-1.0263054667609888,0
PA,42,2008,-1.4506142841108938,0
PA,42,2009,-0.5506437873137164,0
PA,42,2010,-4.269094477721326,0.014481854953569191
PA,42,2011,-2.5319807145242237,-0.23223239762562126
PA,42,2012,-2.8767387216147053,0.017957044379878082
PA,42,2013,-1.974283209846158,-0.07046935049919151
PA,42,2014,-1.4591966346994094,0
PA,42,2015,-1.88525864153487,0
PA,42,2016,-3.20734024581329,-0.14844789633057257
PA,42,2017,-1.9704009035083145,0
PA,42,2018,-3.2328554715699127,-0.010502075022794252
PA,42,2019,-3.235954576087524,-0.14371045611569086
PA,42,2020,-2.7949234618641405,0
RI,44,1982,0.4359280972732549,0
RI,44,1983,5.529943181461723,0
RI,44,1984,1.821604260047823,0
RI,44,1985,0.004441884993983125,0
RI,44,1986,0.1516405557197753,0
RI,44,1987,1.8280755085339004,0
RI,44,1988,1.6984708638471844,0
RI,44,1989,4.890628968806684,0
RI,44,1990,1.2546576093346693,0
RI,44,1991,3.7856399679856496,0
RI,44,1992,1,0
RI,44,1993,2.3978340791930464,0
RI,44,1994,3.515458028848638,0
RI,44,1995,4.457568669040845,0
RI,44,1996,0,0
RI,44,1997,3.381641249403864,0
RI,44,1998,3.5991040779839594,0
RI,44,1999,2.9670658792504545,0
RI,44,2000,2.6631800424513576,0
RI,44,2001,0.9902383978261344,0
RI,44,2002,7.222660588646761,0
RI,44,2003,1.3492162166703068,0
RI,44,2004,1.5560103072924374,0
RI,44,2005,2.5225463653489237,0
RI,44,2006,2.3830599195401643,0
RI,44,2007,3.498905245834969,0
RI,44,2008,1.0086174943692678,0
RI,44,2009,0.3580585889378406,0
RI,44,2010,4.860422579146853,0
RI,44,2011,0.350733577452903,0
RI,44,2012,0.6535882617807709,0
RI,44,2013,2.1121137784514996,0
RI,44,2014,1.1516405557197753,0
RI,44,2015,1.5600491647063182,0
RI,44,2016,2.114828310743153,0
RI,44,2017,2.303831546431088,0
RI,44,2018,1.649334398478178,0
RI,44,2019,1.6637808342421447,0.9541401189614406
RI,44,2020,3.7018185692982994,0
SC,45,1982,4.002751326606152,0
SC,45,1983,2.321432051580082,0.5419045320714027
SC,45,1984,4.461521727686808,0
SC,45,1985,4.130191054141548,0.007689775889410849
SC,45,1986,4.22911207746688,0.7628697445413182
SC,45,1987,2.656986405819076,0.6336648059836063
SC,45,1988,3.934566086857579,0.42298643497358435
SC,45,1989,4.250641810922936,0.05571276491857476
SC,45,1990,4.992726900330204,0.24757856228790792
SC,45,1991,3.6668244701560155,0.1650745341832761
SC,45,1992,3.702629675579601,-0.018528733691877283
SC,45,1993,3.6399341105153695,0.5226854926991531
SC,45,1994,5.941712672240833,0
SC,45,1995,3.1198085037564454,0.5617033476356408
SC,45,1996,3.223467648552777,0.06875182444345546
SC,45,1997,2.226958484648378,0.3216129432082523
SC,45,1998,4.6588560230351845,0.2560521675194012
SC,45,1999,2.896583564897867,0.46878852380683167
SC,45,2000,4.295874133313447,0.05340029884292402
SC,45,2001,7.019872494423012,0.5880245206901975
SC,45,2002,5.788713612081779,0.7367033876557284
SC,45,2003,4.4752188483478434,-0.02465982448572117
SC,45,2004,4.689055940019621,0
SC,45,2005,3.4025648342944734,0.1259867647439714
SC,45,2006,3.95968276912226,0.45868609960895546
SC,45,2007,3.576653749296341,0.08647588224057179
SC,45,2008,4.075274170316163,0.07011115454854228
SC,45,2009,4.180062031577243,0.02660004188982975
SC,45,2010,3.7530864147208547,0.7753899511263187
SC,45,2011,3.4160187867487934,-0.1411624828392659
SC,45,2012,3.3433688217109534,0.39144450364072436
SC,45,2013,3.3836090416027176,0
SC,45,2014,6.342816544827613,0.06678576415920104
SC,45,2015,3.674929963130751,-0.03196130843728212
SC,45,2016,3.113457993301907,-0.06339849109754844
SC,45,2017,4.141151819858187,0.08400340704855859
SC,45,2018,6.848423157575567,0.03895754166541995
SC,45,2019,6.228794835129662,-0.1861142777105677
SC,45,2020,4.025713908241286,0.18506886591524516
SD,46,1982,2.437967421120433,0.0129056747010818
SD,46,1983,6.80186088056098,0.7216398298401748
SD,46,1984,4.278584263300148,0
SD,46,1985,3.757285335451634,0.028444105604185074
SD,46,1986,4.20999313640135,-0.0057656886212058955
SD,46,1987,3.391780415564387,-0.04375517217599191
SD,46,1988,3.456613171855178,-0.09368713179383859
SD,46,1989,4.526357267715005,0.10472810160134896
SD,46,1990,4.784781944411446,0.2362877206301006
SD,46,1991,6.296821302539204,0
SD,46,1992,0.14804397940633218,0.2362877206301006
SD,46,1993,2.0660840516232213,0
SD,46,1994,4.2812284740325435,0.09890699351607343
SD,46,1995,6.834321394595969,0.8824578616979656
SD,46,1996,0.9770049003328145,0
SD,46,1997,5.324967823828455,0.2871209854899478
SD,46,1998,5.69848752321254,0.17779598160326449
SD,46,1999,4.045250827414899,0.3763245266478057
SD,46,2000,6.824794707326975,-0.03272133597637687
SD,46,2001,2.1287940638618146,0.11566223705067286
SD,46,2002,6.002035214544129,0.33656965175907183
SD,46,2003,2.3184785933691465,-0.06576905384706436
SD,46,2004,2.7203330730726005,0.005042126695875659
SD,46,2005,3.487260278174345,0.23763515752515074
SD,46,2006,3.6353299989857923,-0.3859009526794475
SD,46,2007,3.102449135091131,0.2334425926566881
SD,46,2008,2.6211412019980442,0
SD,46,2009,1.6917578044889023,0
SD,46,2010,4.629379875424053,0.106259612921213
SD,46,2011,4.089476094577968,1.0961592455498197
SD,46,2012,8.239788268756882,0.706203982895022
SD,46,2013,3.456818381071411,-0.02074262133179825
SD,46,2014,0.7001387353843063,0.3181235389382514
SD,46,2015,2.648379741694159,0
SD,46,2016,3.5013570171504274,0.935600633307507
SD,46,2017,4.2967082745502125,0.317954389508035
SD,46,2018,5.009411286226733,0
SD,46,2019,3.8698980481252736,0.6993157169740096
SD,46,2020,7.659661293786453,0.0028468400075915734
TN,47,1982,4.684583087824599,0.06689177223312093
TN,47,1983,4.799732820652395,0.5710419859643547
TN,47,1984,3.6617259069113537,-0.001147619024805313
TN,47,1985,5.5568389421076105,0.06168988708086403
TN,47,1986,5.81629374734856,0.38835385832979896
TN,47,1987,5.363099395049282,0.5618570027757368
TN,47,1988,3.9632892293661897,0.5130149753712445
TN,47,1989,3.2983739936696885,0
TN,47,1990,4.215850794965398,0
TN,47,1991,4.964119710036464,0.004040771751001092
TN,47,1992,2.4858398329642384,0
TN,47,1993,2.4662172646327676,-0.014880656012682625
TN,47,1994,3.761062014878995,0
TN,47,1995,2.832160672512998,0.44884916374282335
TN,47,1996,3.7286637981686575,0.054656282122534705
TN,47,1997,4.457460315488248,0.5300635062994032
TN,47,1998,6.611442560925141,0.4442233509564193
TN,47,1999,4.566777512550644,0.8921364515182924
TN,47,2000,4.721015703026808,-0.2710568155923607
TN,47,2001,5.3209228412712335,0.05844695153105205
TN,47,2002,4.968158557342541,0
TN,47,2003,3.995486386367979,0.03254844383078632
TN,47,2004,3.4228654166648873,0.047557668824303956
TN,47,2005,4.25711675832612,0.17940755844930534
TN,47,2006,3.889414740308304,0.14909306003663803
TN,47,2007,4.119030319149168,-0.014139413482542218
TN,47,2008,4.559925403014049,-0.10258224822747697
TN,47,2009,2.682009656156918,-0.20541721337554547
TN,47,2010,4.6962510073023935,0.35892007799142345
TN,47,2011,4.559702820264896,0.631719243017232
TN,47,2012,4.227481495682227,0.21294361878599788
TN,47,2013,2.801338944817836,-0.016982606929703353
TN,47,2014,3.371445205585605,0.045365776081213165
TN,47,2015,3.7146426812129363,0.277897879632794
TN,47,2016,4.393880592024516,0.29369876077726853
TN,47,2017,4.558684054486548,0.050316418660683065
TN,47,2018,5.879116148662568,0.23057570884404838
TN,47,2019,5.440532235503198,0.25582356198080336
TN,47,2020,3.4827802090917572,0.05383886886764552
TX,48,1982,0.903885052607933,0.3151910806275752
TX,48,1983,0.8499387005715704,0.7361330222184995
TX,48,1984,2.0720322980959622,0.380558255638498
TX,48,1985,1.0957714740420528,1.0376373838290616
TX,48,1986,-1.3040298429264396,0.896889591777897
TX,48,1987,-0.6230347073201017,-0.22490366453562616
TX,48,1988,-2.6625577019501776,0.272025141798937
TX,48,1989,-0.4213509913810185,-0.039394690424377266
TX,48,1990,-2.5084246935710013,0.09905891678250267
TX,48,1991,-4.877263132865437,-0.0059039095603590774
TX,48,1992,-1.9190741641676823,0.0787828606057775
TX,48,1993,-2.931704276922744,0.3300684507651882
TX,48,1994,-2.2937369656645785,0.15341912050653184
TX,48,1995,-2.5591056416750746,1.4858124853014454
TX,48,1996,-2.09147270671626,1.4091163369768496
TX,48,1997,-3.9449955250397437,-0.6033660197801205
TX,48,1998,-3.7474605176387286,0.6831609815493831
TX,48,1999,-3.6261539972777825,-0.3896741041066982
TX,48,2000,-2.248764540729198,0.8801241376227034
TX,48,2001,-0.7565064843096962,0.1119232060468206
TX,48,2002,-1.3468802482088051,0.4298421728181043
TX,48,2003,-1.949141541427025,-0.011309430639447893
TX,48,2004,-3.0407312278924366,0.27858179084570356
TX,48,2005,-5.220614658085566,0.6074878340847523
TX,48,2006,-4.527288930675681,-0.04678503610397511
TX,48,2007,-3.0501776788899093,-0.045725964922851636
TX,48,2008,-4.14382821898802,0.09452859197896632
TX,48,2009,-3.4740589652094513,0.3634552357868308
TX,48,2010,-1.8965839905077644,0.750640150154652
TX,48,2011,-1.590208488739492,1.0140639218803063
TX,48,2012,-3.219179542430041,0.37492484465994186
TX,48,2013,-4.180971129355584,0.11159946435616672
TX,48,2014,-2.059057990131464,0.09180066431028752
TX,48,2015,-3.2028668206989153,0.8731537767920897
TX,48,2016,-3.583747257338544,1.0066136408721686
TX,48,2017,-5.500740556765749,0.5330966820021399
TX,48,2018,-3.769706915849625,0.25567043817897495
TX,48,2019,-4.480838976775615,0.7783439134023808
TX,48,2020,-0.9470739674380013,1.6832502866009444
UT,49,1982,3.2513342316557052,0
UT,49,1983,4.058430375538279,0
UT,49,1984,2.1859767529058867,0
UT,49,1985,6.423137031815242,0
UT,49,1986,3.1747776323729395,0
UT,49,1987,1.6614173228346456,0
UT,49,1988,6.425189893434562,0
UT,49,1989,4.948652685258962,0
UT,49,1990,7.699505463771312,0
UT,49,1991,3.039553455381507,0
UT,49,1992,3.030652418447694,0
UT,49,1993,1.36101353672992,0
UT,49,1994,12.102257140364884,0
UT,49,1995,4.3894950118339615,0
UT,49,1996,6.897404765364959,0
UT,49,1997,2.9885639295088113,0
UT,49,1998,7.292491841225806,0
UT,49,1999,3.480000304998404,0
UT,49,2000,12.324504848804871,0
UT,49,2001,9.711386647463256,0.03880764904386952
UT,49,2002,13.6397703706798,0
UT,49,2003,18.50057214530389,0
UT,49,2004,3.270809898762655,0
UT,49,2005,9.297173598748985,0
UT,49,2006,12.121377702960313,0
UT,49,2007,14.361233239955707,0
UT,49,2008,5.535998361748911,0
UT,49,2009,5.964980019607916,0
UT,49,2010,4.444721048269269,0
UT,49,2011,3.3585489313835772,0
UT,49,2012,8.742449671602277,0
UT,49,2013,11.574659418551544,0
UT,49,2014,4.057318967365638,0
UT,49,2015,7.13659613978117,0
UT,49,2016,8.767010861577965,0
UT,49,2017,10.625498664383057,0
UT,49,2018,6.862722501581579,0
UT,49,2019,6.797944368913024,0
UT,49,2020,10.490206376398618,0
VA,51,1982,2.8700549796833386,0
VA,51,1983,2.2473570604273547,0.4886019883199042
VA,51,1984,3.4347261905851276,-0.004258197779316105
VA,51,1985,1.116497862943028,0.024849469120618674
VA,51,1986,4.240715154014747,0.17988428163870818
VA,51,1987,2.0729938068677995,0.10398325639948269
VA,51,1988,1.138117248198931,0.41737971877876845
VA,51,1989,2.2229216236289737,-0.0025445754928967723
VA,51,1990,2.6320730308424665,-0.18864102400886562
VA,51,1991,1.3036235682685486,0.26806924973379886
VA,51,1992,2.365547505073401,0.05494796991657269
VA,51,1993,1.488590093302058,-0.03480345119068318
VA,51,1994,0.5771866448433087,0
VA,51,1995,0.3472155593456172,-0.06706308332707556
VA,51,1996,2.0073386440438235,-0.001285515923815105
VA,51,1997,0.852976673233151,0.09531738431110667
VA,51,1998,3.8826816056768507,0.01840110827529297
VA,51,1999,1.8382065437801174,0.5766386751295176
VA,51,2000,5.042323531907268,0.15072900684945395
VA,51,2001,3.0132360403007503,0.3122044597729163
VA,51,2002,4.576939494094603,0.83115130459051
VA,51,2003,3.9097354211354443,0.06572603089477513
VA,51,2004,3.5190133076969836,0.013950862815978819
VA,51,2005,3.9523615205965754,0.36203040342336057
VA,51,2006,2.007418585104187,0.10389549358027217
VA,51,2007,3.2799288904460475,0.2092915112111675
VA,51,2008,3.7775411750039964,0.039771837397730186
VA,51,2009,2.507947123091599,0
VA,51,2010,3.1373933088628547,0.6182230854129966
VA,51,2011,1.6870310517966978,0.24110690100844612
VA,51,2012,0.779201380114479,0.024083957557970992
VA,51,2013,1.1236021228555764,-0.1554152871298653
VA,51,2014,1.122056982073346,7.060277115876799e-5
VA,51,2015,1.8434605018047812,0.06040427779228507
VA,51,2016,0.26185263583598584,-0.24949344454744704
VA,51,2017,0.6991470073279302,0.030389493345658214
VA,51,2018,2.9579161735692665,0.0243240020794408
VA,51,2019,2.2559516781732967,0.21367669091393038
VA,51,2020,1.460305850161788,0.20592518227597845
VT,50,1982,0.5984928961248701,0
VT,50,1983,0.24410832110084035,0
VT,50,1984,0.2224591329068941,0
VT,50,1985,0.2281449893390192,0
VT,50,1986,0.5167022032693674,0
VT,50,1987,3.41666318908306,0
VT,50,1988,1.5184017570431774,0
VT,50,1989,0.833452080505081,0
VT,50,1990,0.2281449893390192,0
VT,50,1991,2.6952385437220387,0
VT,50,1992,0,0
VT,50,1993,1.396575255591695,0
VT,50,1994,1.6864112437100989,0
VT,50,1995,1.5876499534259711,0
VT,50,1996,0,0
VT,50,1997,0.2281449893390192,0
VT,50,1998,0.20540156361051884,0
VT,50,1999,1.0948687674646789,0
VT,50,2000,0,0
VT,50,2001,1.4666517109742059,0
VT,50,2002,2.8692485014791562,0.14125796859705803
VT,50,2003,1.0323732355078687,0
VT,50,2004,0.2224591329068941,0
VT,50,2005,4.397174418627467,0
VT,50,2006,0.720194675444267,0.15280739161336176
VT,50,2007,1.0529460583518173,0
VT,50,2008,1.1767976032288316,0
VT,50,2009,0.3469704645938241,0
VT,50,2010,2.1475974342496316,0.15280739161336176
VT,50,2011,0.7774709743295442,0
VT,50,2012,0.006552945657348985,0
VT,50,2013,1.5274840408439125,0
VT,50,2014,0.4742919427626636,0
VT,50,2015,1.0345042848633061,0
VT,50,2016,0.7460137695874858,0
VT,50,2017,1.1594164497959099,0
VT,50,2018,3.265465853669151,0
VT,50,2019,0.9769013358023801,0
VT,50,2020,3.5521827144779348,0
WA,53,1982,2.450385298959902,0
WA,53,1983,1.389847563964967,0
WA,53,1984,2.207111099347401,0.007978557626379106
WA,53,1985,3.508261944024087,0
WA,53,1986,2.4635942454625055,0
WA,53,1987,2.0467875765252432,0
WA,53,1988,1.6859735394927449,0
WA,53,1989,0.8209974410946689,0
WA,53,1990,3.8410435916471544,-9.442879970139074e-4
WA,53,1991,2.8638310261783464,0
WA,53,1992,3.878343283405731,0.03945646076170292
WA,53,1993,0.49306103078633584,0
WA,53,1994,2.7576082642745203,0
WA,53,1995,0.6345950799288191,0
WA,53,1996,2.8638376355427106,0
WA,53,1997,1.7193933023541927,0
WA,53,1998,4.637061250020679,0.006233248145608676
WA,53,1999,1.277867013984082,0
WA,53,2000,0.7679262456611828,0
WA,53,2001,2.003458675444697,0
WA,53,2002,2.0177658762770108,0.017453094807704295
WA,53,2003,2.4631422752570415,0
WA,53,2004,4.148109961841019,0
WA,53,2005,2.1413517075383037,0
WA,53,2006,4.092756185604634,0.007791560182010846
WA,53,2007,2.8825380617691323,0
WA,53,2008,1.8279831763694356,0
WA,53,2009,3.6768918578267806,0.0278002867294147
WA,53,2010,0.9883932330179994,0
WA,53,2011,0.13617172290664337,0
WA,53,2012,2.7915438865769246,0
WA,53,2013,2.0070265348002008,0.1646346763057396
WA,53,2014,4.134685340162445,0
WA,53,2015,4.846331135535898,0.16871937261931388
WA,53,2016,2.071845373486817,0
WA,53,2017,3.0145908467802722,0
WA,53,2018,2.5676272850182853,0
WA,53,2019,0.6614876565074925,0
WA,53,2020,2.569540452357375,0
WI,55,1982,0.20848028733826096,0.006693899064435367
WI,55,1983,0.16038170111149874,0.007582372220683656
WI,55,1984,0.29620342305553926,0
WI,55,1985,0.07156729931659855,0
WI,55,1986,0.4438319206065513,0.02636243187046639
WI,55,1987,0.30225808014852973,-0.006559632904938828
WI,55,1988,1.0543227680699019,0.2203047275799917
WI,55,1989,0.1467027085223318,0
WI,55,1990,0.0497056849088251,0.14558136998419605
WI,55,1991,-0.4968697110678395,0
WI,55,1992,0.029120200392321993,0
WI,55,1993,0.036862626106022756,0
WI,55,1994,0.3822543803038503,0
WI,55,1995,0.594375139735476,0.12846681593493625
WI,55,1996,0.24406377966298543,0.009461062063512979
WI,55,1997,0.6023432361814249,-0.02891207913635005
WI,55,1998,0.26232717496692004,0
WI,55,1999,0.5191406410360901,-0.05403838518089432
WI,55,2000,-0.3446795932523299,0.01486361839504546
WI,55,2001,0.709092439282589,-0.06580968375447804
WI,55,2002,0.24905791299157443,0.07811305837396232
WI,55,2003,-0.9643813963704284,0.004849123731716959
WI,55,2004,0.04709742430733155,0
WI,55,2005,0.1591231701863789,0.02332168125056218
WI,55,2006,-0.10478324213497014,-0.0014998237207691778
WI,55,2007,0.38689264348482677,0
WI,55,2008,0.29339654576939234,0
WI,55,2009,-0.36165268125005356,0
WI,55,2010,0.612751921560899,0.014441955461852682
WI,55,2011,0.7345887881862456,0.20386258440046862
WI,55,2012,1.225050828482006,0.006693899064435367
WI,55,2013,0.020687406449146906,0
WI,55,2014,-0.04547768528221319,0
WI,55,2015,0.5533812326599075,0
WI,55,2016,1.003200101045171,-0.017195882171142773
WI,55,2017,0.11405432316614239,0
WI,55,2018,0.7772812219760699,0
WI,55,2019,0.04462957621913377,-0.010682480578239228
WI,55,2020,1.6008338484395406,0
WV,54,1982,-1.374923890576341,0
WV,54,1983,-3.3389591046544247,0.017235825679151294
WV,54,1984,-0.6883622631123609,0
WV,54,1985,-1.545177740435503,0
WV,54,1986,-2.1760242088650683,0
WV,54,1987,-3.839242099723913,0
WV,54,1988,-4.554662175429742,0.10755288484522757
WV,54,1989,-2.4237368586010417,-0.039805958799532276
WV,54,1990,-2.244921317860049,0.029109683088921843
WV,54,1991,-3.937412573505556,0
WV,54,1992,-0.9524119869915968,0
WV,54,1993,-4.907648723831455,0
WV,54,1994,-3.578527638434191,0
WV,54,1995,-3.7023607946028143,-0.04080334537783775
WV,54,1996,-1.205813015730655,0
WV,54,1997,-1.8594539177579117,-0.0179071297944364
WV,54,1998,-1.889670853852965,0
WV,54,1999,-5.179126068364825,0.05728565936178393
WV,54,2000,-1.2047418900972626,0
WV,54,2001,-2.728448885447669,0
WV,54,2002,-5.214812345786179,0
WV,54,2003,-1.7924560950711328,0
WV,54,2004,-0.5816403025405796,0
WV,54,2005,-3.1969164022649013,-0.03621075382539471
WV,54,2006,-2.7637277606407222,0
WV,54,2007,-2.8182712917886414,0
WV,54,2008,-1.043259494140481,0
WV,54,2009,-0.3627011943412305,0
WV,54,2010,-4.299241708579377,-0.02775526553908156
WV,54,2011,-3.890543290185475,0.050678683427395524
WV,54,2012,-3.8643896716372037,0.008415987385197207
WV,54,2013,-2.145536723268278,0
WV,54,2014,-0.4688866918610375,0
WV,54,2015,-1.4630029617464229,0
WV,54,2016,-4.49838187934485,0
WV,54,2017,-1.3989992888838616,0
WV,54,2018,-5.0975699412590165,0.03597517438347888
WV,54,2019,-4.394603974171718,0
WV,54,2020,-5.066205704973218,0
WY,56,1982,0.9850944221186191,0
WY,56,1983,2.492761157473142,0
WY,56,1984,0.07417979119299786,0
WY,56,1985,1.4767579483030246,0
WY,56,1986,0.6253013326648693,0
WY,56,1987,1.9826757114142899,0
WY,56,1988,3.3009334231055103,0
WY,56,1989,2.604395320116523,0
WY,56,1990,2.950712778763065,0
WY,56,1991,2.012531847144108,0
WY,56,1992,0.007255570529447385,0
WY,56,1993,0.03283582089552239,0
WY,56,1994,0.6720762444753887,0
WY,56,1995,3.6583359974798286,0
WY,56,1996,0.8052456540976358,0
WY,56,1997,0.9326846591476524,0
WY,56,1998,1.8303279536196648,0
WY,56,1999,1.6854516247102365,0
WY,56,2000,2.7899322726847253,0
WY,56,2001,4.694108163416356,0
WY,56,2002,4.2273709267019255,0
WY,56,2003,4.777146298112992,0
WY,56,2004,1.2177883760066153,0
WY,56,2005,2.8959594129431223,0
WY,56,2006,4.0396648726627085,0
WY,56,2007,3.781058669142788,0
WY,56,2008,0.963208739697691,0
WY,56,2009,0,0
WY,56,2010,0.5042564636337805,0
WY,56,2011,1.5617475382672255,0
WY,56,2012,4.017048853358137,0
WY,56,2013,0.8433844132808205,0
WY,56,2014,1.2785206640732605,0
WY,56,2015,0.22120855690951216,0
WY,56,2016,1.1775147198072924,0
WY,56,2017,0.6920130928786242,0
WY,56,2018,1.3201966284793176,0
WY,56,2019,0.2716417910447761,0
WY,56,2020,1.7587700269243554,0
USA,99,1982,15.843080625887186,0.4945267863444886
USA,99,1983,11.972358561331056,0.9253445583904291
USA,99,1984,14.477366989985022,0.9069927853453169
USA,99,1985,14.227380013065439,0.5362041944001763
USA,99,1986,16.958234884745206,1.0410976250657913
USA,99,1987,12.844689479125037,0.5864616347223068
USA,99,1988,11.301059504088173,0.8545155381701155
USA,99,1989,13.601917010013981,0.5509615283806921
USA,99,1990,15.401438479160973,0.8866671320034627
USA,99,1991,13.840389754526967,0.3730358645354511
USA,99,1992,12.640706846949872,0.5413255043611384
USA,99,1993,13.66570280386538,0.7996977015063305
USA,99,1994,11.162404589041458,0.8163537958200752
USA,99,1995,11.790371839639363,1.2609882116074833
USA,99,1996,13.318840369024056,1.3150909905309511
USA,99,1997,12.020049453794144,0.8858694341544657
USA,99,1998,15.431407360542153,2.064368844058257
USA,99,1999,11.149929624100572,1.2676529287386546
USA,99,2000,15.110549635788878,1.226735360603132
USA,99,2001,12.94834168495731,0.7085743610147361
USA,99,2002,12.542191101217675,0.7476785310324292
USA,99,2003,12.417962341391288,0.9323891296257905
USA,99,2004,11.380934870687035,0.5872397937282474
USA,99,2005,12.065713887011022,0.972339788509943
USA,99,2006,10.747379258074183,0.7948269383313447
USA,99,2007,10.604865597139913,1.0038175664351636
USA,99,2008,11.150851949954017,0.5837739836385847
USA,99,2009,11.451803600962979,0.5843135554992802
USA,99,2010,11.884218147162336,1.5503096768531917
USA,99,2011,12.626990379601907,1.0924945970674984
USA,99,2012,9.894092335246235,0.6022982510421223
USA,99,2013,10.325118252026712,0.44147048716546317
USA,99,2014,11.071599295281715,0.37728381930432764
USA,99,2015,10.995315241125034,0.8796523615775971
USA,99,2016,11.39328683214773,0.727387653307983
USA,99,2017,10.106289100800197,0.672796068756465
USA,99,2018,12.435164487940717,0.6138282009455373
USA,99,2019,11.844805660040898,0.8748536868937731
USA,99,2020,10.285049317536902,1.2082616482547288
